H1_001N,H8_001N,state,county,tract,block group
798,1340,17,031,063400,1
945,1172,17,031,063302,4
455,446,17,031,063303,1
657,820,17,031,063303,2
626,1077,17,031,063400,2
906,1218,17,031,070101,1
829,1256,17,031,070101,2
1390,1697,17,031,070101,3
1153,1565,17,031,070102,1
471,673,17,031,070102,2
590,783,17,031,070102,3
661,886,17,031,070103,1
767,959,17,031,070103,2
1008,1864,17,031,070200,1
720,1174,17,031,070200,2
774,1041,17,031,070200,3
1091,2167,17,031,070300,1
1055,1973,17,031,070300,2
819,1253,17,031,070400,1
432,944,17,031,070400,2
487,1053,17,031,070400,3
549,1089,17,031,070500,1
458,911,17,031,070500,2
484,1153,17,031,070500,3
879,1919,17,031,070600,1
671,1530,17,031,070600,2
1100,2520,17,031,070700,1
863,1176,17,031,070700,2
305,779,17,031,071000,1
934,1987,17,031,071000,2
628,1358,17,031,071100,1
661,1309,17,031,071100,2
1032,1815,17,031,071200,1
620,1158,17,031,071200,2
911,1847,17,031,071300,1
1258,2046,17,031,071300,2
545,871,17,031,071400,1
1245,1687,17,031,071400,2
1182,1570,17,031,071400,3
410,662,17,031,071400,4
802,1257,17,031,071500,1
253,678,17,031,811200,5
560,1579,17,031,811200,2
349,977,17,031,811200,3
452,1182,17,031,811200,4
521,1223,17,031,811301,1
257,901,17,031,811301,2
364,1274,17,031,811301,3
453,1374,17,031,811301,4
384,1239,17,031,811302,1
919,2322,17,031,811302,2
286,893,17,031,811401,1
315,1038,17,031,811401,2
367,1057,17,031,811401,3
354,920,17,031,811401,4
481,1091,17,031,811401,5
483,1345,17,031,811402,1
584,1647,17,031,811402,2
533,1565,17,031,811402,3
611,1743,17,031,811500,1
542,1629,17,031,811500,2
398,1225,17,031,811500,3
515,1427,17,031,811500,4
775,1596,17,031,811600,1
574,1468,17,031,811600,2
608,1459,17,031,811600,3
568,1526,17,031,811600,4
688,2269,17,031,811701,1
504,1186,17,031,811701,2
596,1199,17,031,811702,1
620,1821,17,031,811702,2
706,2364,17,031,811702,3
284,965,17,031,811800,1
369,928,17,031,811800,2
500,1620,17,031,811800,3
540,1628,17,031,811800,4
472,1069,17,031,811900,1
409,924,17,031,811900,2
418,1375,17,031,811900,3
670,1748,17,031,811900,4
331,769,17,031,812000,1
367,1046,17,031,814700,3
353,1030,17,031,814600,5
376,1105,17,031,814700,1
345,1001,17,031,814700,2
433,1263,17,031,814700,4
474,1124,17,031,814700,5
754,2022,17,031,814800,1
608,1551,17,031,814800,2
363,1013,17,031,814800,3
330,1056,17,031,814800,4
288,791,17,031,814800,5
450,1262,17,031,814900,1
701,1692,17,031,814900,2
1074,2155,17,031,814900,3
608,1448,17,031,814900,4
460,1454,17,031,815000,1
353,1068,17,031,815000,2
654,1722,17,031,815000,3
375,1181,17,031,815100,1
439,1249,17,031,815100,2
608,1869,17,031,815100,3
540,1748,17,031,815200,1
414,1212,17,031,815200,2
520,1405,17,031,815200,3
419,1112,17,031,815200,4
538,1424,17,031,815200,5
327,974,17,031,815300,1
351,1007,17,031,815300,2
465,1321,17,031,815500,6
303,900,17,031,815500,7
340,1171,17,031,835100,3
328,1025,17,031,835000,5
435,1477,17,031,835100,1
395,1376,17,031,835100,2
381,1552,17,031,835100,4
743,2038,17,031,835200,1
529,704,17,031,835500,1
391,877,17,031,835500,2
268,420,17,031,835600,1
251,475,17,031,835600,2
889,1698,17,031,835800,1
389,819,17,031,836000,1
361,731,17,031,836000,2
358,788,17,031,836000,3
412,694,17,031,836100,1
580,1177,17,031,836100,2
175,357,17,031,836200,1
333,639,17,031,836300,1
428,835,17,031,836300,2
765,1385,17,031,836400,1
519,1036,17,031,836400,2
615,1200,17,031,836400,3
381,764,17,031,836500,1
361,763,17,031,836500,2
536,1399,17,031,836600,1
713,1530,17,031,836600,2
627,1435,17,031,836700,1
423,968,17,031,836700,2
409,897,17,031,836800,1
853,1720,17,031,836800,2
296,627,17,031,836900,1
326,812,17,031,836900,2
536,1090,17,031,837000,1
423,952,17,031,837000,2
314,904,17,031,815300,3
438,871,17,031,815300,4
556,1383,17,031,815400,1
431,908,17,031,815400,2
823,1725,17,031,815400,3
629,1408,17,031,815400,4
522,1598,17,031,815500,1
300,908,17,031,815500,2
345,1073,17,031,815500,3
368,1129,17,031,815500,4
464,1381,17,031,815500,5
372,642,17,031,837100,1
563,1010,17,031,837100,2
454,1196,17,031,720200,2
558,1470,17,031,720100,2
339,913,17,031,720100,3
465,1012,17,031,720200,1
814,1915,17,031,720200,3
318,849,17,031,720300,1
275,715,17,031,720300,2
477,1343,17,031,720300,3
297,727,17,031,720300,4
289,802,17,031,720400,1
448,1143,17,031,720400,2
282,774,17,031,720500,1
541,1312,17,031,720500,2
317,846,17,031,720600,1
331,845,17,031,720600,2
914,1493,17,031,720700,1
340,868,17,031,720700,2
278,712,17,031,720700,3
307,810,17,031,730100,1
300,753,17,031,730100,2
361,899,17,031,730100,3
355,943,17,031,730201,1
566,1105,17,031,730201,2
677,1316,17,031,730201,3
663,1281,17,031,730201,4
415,982,17,031,730201,5
446,1147,17,031,730202,1
396,1022,17,031,730202,2
272,560,17,031,730202,3
456,1046,17,031,730300,1
336,792,17,031,730400,1
461,1119,17,031,730400,2
283,668,17,031,730400,3
335,807,17,031,730400,4
299,771,17,031,730500,1
289,705,17,031,730500,2
384,1028,17,031,730500,3
689,1716,17,031,730500,4
245,613,17,031,730600,1
512,1381,17,031,730600,2
560,1260,17,031,730600,3
363,1001,17,031,810501,4
506,1216,17,031,810501,1
377,886,17,031,810501,2
393,1054,17,031,810501,3
344,914,17,031,810501,5
443,986,17,031,810502,1
300,812,17,031,810502,2
698,1528,17,031,810502,3
341,928,17,031,810502,4
322,915,17,031,810502,5
612,1549,17,031,810600,1
618,1719,17,031,810600,2
796,1675,17,031,810600,3
522,1285,17,031,810701,1
524,1256,17,031,810701,2
447,1111,17,031,810701,3
504,1213,17,031,810701,4
606,1360,17,031,810702,1
387,866,17,031,810702,2
709,1520,17,031,810702,3
356,926,17,031,810800,1
607,1610,17,031,810800,2
448,1400,17,031,810800,3
396,1188,17,031,810800,4
782,1817,17,031,810900,1
628,1467,17,031,810900,2
313,778,17,031,810900,3
488,910,17,031,810900,4
552,1387,17,031,810900,5
274,712,17,031,811000,1
328,820,17,031,811000,2
702,1882,17,031,811100,2
320,905,17,031,811100,3
690,1478,17,031,811100,4
401,985,17,031,811200,1
284,778,17,031,811000,3
365,823,17,031,811000,4
548,1125,17,031,811000,5
1313,2438,17,031,811100,1
462,1164,17,031,231200,4
489,1242,17,031,231200,1
468,1126,17,031,231200,2
443,1158,17,031,231200,3
519,1281,17,031,231200,5
351,757,17,031,231500,1
373,865,17,031,231500,2
416,1136,17,031,231500,3
566,1383,17,031,231500,4
765,1468,17,031,231500,5
849,1556,17,031,240200,1
686,1362,17,031,240300,1
1380,2610,17,031,240500,1
687,1489,17,031,240600,1
718,1499,17,031,240700,1
369,760,17,031,240800,1
432,857,17,031,240800,2
622,1122,17,031,240900,1
551,1235,17,031,241000,1
457,993,17,031,241000,2
882,1700,17,031,241100,1
926,1863,17,031,241100,2
421,863,17,031,241200,1
472,847,17,031,241200,2
852,1763,17,031,241300,1
833,1355,17,031,241400,1
518,982,17,031,241400,2
775,1392,17,031,241400,3
792,1544,17,031,241400,4
668,1314,17,031,241500,1
368,674,17,031,241500,2
545,966,17,031,241500,3
800,1480,17,031,241600,1
1151,2054,17,031,241600,2
846,1653,17,031,242000,1
1088,1864,17,031,242000,2
672,1137,17,031,242000,3
648,1139,17,031,242100,1
627,1176,17,031,242100,2
840,1661,17,031,242100,3
247,566,17,031,491200,3
342,830,17,031,491100,5
299,800,17,031,491200,1
262,650,17,031,491200,2
259,570,17,031,491300,1
188,401,17,031,491300,2
192,457,17,031,491300,3
220,573,17,031,491300,4
540,751,17,031,491400,1
427,728,17,031,491400,2
529,1085,17,031,491400,3
283,681,17,031,500100,1
286,657,17,031,500100,2
315,736,17,031,500100,3
822,1471,17,031,500100,4
272,692,17,031,844700,1
325,697,17,031,844700,2
385,945,17,031,844700,3
0,0,17,031,980000,1
2,17,17,031,980100,1
0,0,17,031,990000,0
628,1222,17,031,500200,1
229,466,17,031,500200,2
391,654,17,031,500300,1
547,932,17,031,500300,2
499,1339,17,031,510100,1
715,1873,17,031,510100,2
361,1008,17,031,510200,1
372,840,17,031,510200,2
442,1072,17,031,510200,3
600,1202,17,031,510300,1
486,1059,17,031,510300,2
326,628,17,031,510300,3
821,1960,17,031,510300,4
669,1744,17,031,520100,1
299,701,17,031,520200,1
444,1258,17,031,520200,2
538,1371,17,031,520200,3
522,1509,17,031,520300,1
491,1465,17,031,520300,2
402,1128,17,031,520300,3
504,1573,17,031,520300,4
271,909,17,031,520400,1
404,980,17,031,520400,2
346,966,17,031,520400,3
386,1200,17,031,520400,4
310,894,17,031,520500,1
386,842,17,031,843800,2
474,1169,17,031,843700,1
649,1375,17,031,843700,2
484,1158,17,031,843800,1
450,918,17,031,843900,1
303,487,17,031,843900,2
575,743,17,031,843900,3
380,658,17,031,843900,4
688,850,17,031,843900,5
796,1627,17,031,844600,1
740,1538,17,031,051000,1
711,1513,17,031,050700,1
600,1406,17,031,050800,1
679,1426,17,031,050900,1
720,1599,17,031,051100,1
339,718,17,031,051200,1
361,809,17,031,051200,2
511,1329,17,031,051300,1
672,1578,17,031,051300,2
527,1266,17,031,051400,1
674,1226,17,031,051400,2
401,803,17,031,060100,1
597,1303,17,031,060100,2
371,724,17,031,060100,3
668,1169,17,031,060200,1
546,1133,17,031,060200,2
745,1640,17,031,060300,1
673,1436,17,031,060300,2
771,1652,17,031,060400,1
438,969,17,031,060400,2
471,1080,17,031,060400,3
822,1374,17,031,060500,1
1319,1651,17,031,060800,1
0,0,17,031,060800,2
1059,1602,17,031,060800,3
1469,2042,17,031,060800,4
900,1188,17,031,060900,1
6,30,17,031,060900,2
516,1408,17,031,802504,4
1,11,17,031,802505,1
531,1041,17,031,802505,2
938,1299,17,031,060900,3
468,796,17,031,060900,4
1320,1711,17,031,060900,5
1644,2080,17,031,060900,6
1333,2279,17,031,061000,1
751,1367,17,031,061100,1
948,1932,17,031,061200,1
915,1797,17,031,061500,1
740,978,17,031,061800,1
586,788,17,031,061901,1
606,886,17,031,061901,2
565,866,17,031,061901,3
783,1085,17,031,061901,4
456,1419,17,031,801902,2
709,1897,17,031,801901,2
333,840,17,031,801901,3
349,1077,17,031,801902,1
407,924,17,031,801902,3
909,2623,17,031,802002,1
779,2289,17,031,802002,2
946,2679,17,031,802003,1
316,710,17,031,802004,1
527,1415,17,031,802004,2
711,1725,17,031,802004,3
826,1935,17,031,802004,4
251,779,17,031,802100,1
387,972,17,031,802100,2
656,1962,17,031,802100,3
447,1237,17,031,802200,1
902,1746,17,031,802200,2
764,1853,17,031,802200,3
1146,2640,17,031,802300,1
1490,3134,17,031,802300,2
966,2018,17,031,802402,1
569,1150,17,031,802402,2
661,1197,17,031,802402,3
364,1034,17,031,802402,4
905,1531,17,031,802403,1
732,1900,17,031,802404,1
974,2132,17,031,802404,2
444,1114,17,031,802404,3
814,2147,17,031,802404,4
494,1237,17,031,802503,1
822,1810,17,031,802503,2
952,2400,17,031,802503,3
312,886,17,031,802503,4
476,1432,17,031,802504,1
395,1278,17,031,802504,2
673,2135,17,031,802504,3
563,674,17,031,071500,5
939,1307,17,031,071500,2
959,1338,17,031,071500,3
624,1083,17,031,071500,4
478,623,17,031,071500,6
822,1793,17,031,071600,1
354,783,17,031,071700,1
423,870,17,031,071700,2
707,1944,17,031,610300,2
357,709,17,031,600900,3
475,1153,17,031,600900,4
692,1787,17,031,610300,1
581,1637,17,031,610300,3
754,2019,17,031,610400,1
643,1512,17,031,610800,1
329,976,17,031,611200,1
583,1677,17,031,611200,2
356,915,17,031,611300,1
343,1073,17,031,611300,2
525,1620,17,031,611300,3
543,1495,17,031,611400,1
285,931,17,031,611400,2
459,1309,17,031,611400,3
459,1296,17,031,611500,1
744,2147,17,031,611500,2
334,1062,17,031,611600,1
272,859,17,031,611600,2
244,735,17,031,611700,1
223,628,17,031,611700,2
266,817,17,031,611700,3
546,1502,17,031,611800,1
256,703,17,031,611800,2
482,1260,17,031,611900,1
277,724,17,031,611900,2
6,46,17,031,802505,3
904,2082,17,031,071800,1
255,570,17,031,071800,2
454,510,17,031,080100,1
776,1164,17,031,080100,2
800,1034,17,031,080100,3
584,811,17,031,080100,4
1062,1347,17,031,080100,5
666,902,17,031,080100,6
432,620,17,031,080100,7
1106,1354,17,031,080201,1
1202,1443,17,031,080201,2
397,578,17,031,080201,3
236,497,17,031,612000,1
400,951,17,031,612000,2
558,1153,17,031,612100,1
402,1313,17,031,612200,1
516,1480,17,031,612200,2
392,1146,17,031,612200,3
421,1431,17,031,620100,1
537,1977,17,031,620100,2
330,1159,17,031,620100,3
395,1056,17,031,620200,1
443,1334,17,031,620200,2
373,764,17,031,400400,2
2154,3180,17,031,390700,3
703,1485,17,031,400300,1
607,1212,17,031,400400,1
595,1217,17,031,400500,1
472,1155,17,031,400500,2
714,1397,17,031,400800,1
835,1781,17,031,400800,2
620,933,17,031,410100,1
1109,1329,17,031,410100,2
777,1165,17,031,410200,1
753,1383,17,031,410500,1
893,1539,17,031,410500,2
708,1221,17,031,410600,1
484,916,17,031,410600,2
1505,2379,17,031,410700,1
782,1243,17,031,410800,1
1126,1732,17,031,410800,2
571,934,17,031,410900,1
516,693,17,031,410900,2
1185,1970,17,031,410900,3
1056,1206,17,031,411000,1
330,516,17,031,411000,2
1439,1966,17,031,411000,3
540,1072,17,031,411100,1
527,858,17,031,411100,2
605,1106,17,031,411200,1
257,563,17,031,411200,2
855,1642,17,031,420100,1
763,1552,17,031,420200,1
851,1667,17,031,420300,1
917,1519,17,031,420400,1
644,950,17,031,420500,1
606,1103,17,031,420500,2
695,1419,17,031,420600,1
577,1105,17,031,420600,2
277,472,17,031,420700,1
249,441,17,031,420700,2
514,931,17,031,420700,3
307,556,17,031,420700,4
353,621,17,031,420700,5
827,1101,17,031,080202,1
960,1348,17,031,080202,2
1404,1776,17,031,080202,3
620,902,17,031,080300,1
1474,2170,17,031,080300,2
683,1155,17,031,080300,3
843,1245,17,031,080300,4
1205,2615,17,031,080400,1
393,760,17,031,080400,2
602,1189,17,031,080400,3
312,428,17,031,081000,1
1243,1868,17,031,081000,2
836,957,17,031,081000,3
1232,1278,17,031,081000,4
1315,1352,17,031,081000,5
1117,1316,17,031,081000,6
1167,1576,17,031,081100,1
1082,1188,17,031,081100,2
1142,1423,17,031,081100,3
974,1177,17,031,081201,1
2025,2572,17,031,081201,2
1063,1924,17,031,242300,2
1044,1938,17,031,242200,1
1156,2144,17,031,242200,2
884,1644,17,031,242300,1
702,1213,17,031,242400,1
916,1680,17,031,242400,2
924,1792,17,031,242500,1
818,1624,17,031,242500,2
730,1498,17,031,242600,1
785,1567,17,031,242600,2
828,1609,17,031,242600,3
533,991,17,031,242600,4
900,1931,17,031,242700,1
743,1507,17,031,242800,1
712,1397,17,031,242900,1
277,557,17,031,242900,2
471,999,17,031,243000,1
653,1235,17,031,243000,2
645,1416,17,031,243100,1
384,833,17,031,243100,2
529,1148,17,031,243200,1
582,1129,17,031,243200,2
481,869,17,031,243300,1
852,1562,17,031,243300,2
690,1307,17,031,243400,1
322,619,17,031,243400,2
585,953,17,031,243400,3
721,1354,17,031,243500,1
2296,3392,17,031,243500,2
468,1390,17,031,250200,1
517,1389,17,031,250200,2
515,1350,17,031,250300,1
390,953,17,031,250300,2
745,1834,17,031,250300,3
282,605,17,031,250300,4
295,682,17,031,250400,1
440,1266,17,031,250400,2
591,1451,17,031,250400,3
434,900,17,031,250400,4
583,1490,17,031,250400,5
435,1266,17,031,250500,1
929,2288,17,031,310800,3
715,1566,17,031,310700,1
463,963,17,031,310800,1
461,916,17,031,310800,2
706,1530,17,031,310900,1
635,1504,17,031,310900,2
760,1743,17,031,310900,3
2457,3323,17,031,320101,1
27,75,17,031,320101,2
1841,2845,17,031,320101,3
2264,3267,17,031,320101,4
2672,3889,17,031,320102,1
744,930,17,031,320102,2
1268,1763,17,031,320400,1
1806,2716,17,031,320600,1
2839,3289,17,031,320600,2
1060,1898,17,031,330101,1
1525,2694,17,031,330101,2
923,1467,17,031,330102,1
3298,4439,17,031,330102,2
2424,3512,17,031,330102,3
808,1378,17,031,330102,4
1484,2201,17,031,330103,1
725,1466,17,031,804709,2
304,684,17,031,804709,3
476,1267,17,031,804709,4
446,1143,17,031,828701,2
687,1956,17,031,828602,1
951,2526,17,031,828602,2
308,873,17,031,828701,1
412,957,17,031,828701,3
325,765,17,031,828701,4
594,1240,17,031,828702,1
690,1723,17,031,828702,2
599,1669,17,031,828702,3
345,972,17,031,828801,1
313,845,17,031,828801,2
547,1511,17,031,828801,3
710,2434,17,031,804514,2
648,1595,17,031,804513,2
563,1378,17,031,804513,3
448,915,17,031,804514,1
512,1341,17,031,804514,3
990,2342,17,031,804603,1
825,1279,17,031,804603,2
1040,1956,17,031,804603,3
301,817,17,031,804606,1
822,2305,17,031,804606,2
437,1319,17,031,804606,3
1000,2526,17,031,804606,4
681,1947,17,031,804607,1
747,2302,17,031,804607,2
521,1523,17,031,804607,3
689,1351,17,031,804607,4
567,1440,17,031,804608,1
283,822,17,031,804608,2
783,1765,17,031,804608,3
922,2555,17,031,804609,1
944,1886,17,031,804609,2
806,1706,17,031,804609,3
909,1834,17,031,804610,1
384,690,17,031,804610,2
650,1601,17,031,804611,1
975,1887,17,031,804611,2
423,1165,17,031,804611,3
459,1418,17,031,804701,1
470,1312,17,031,804701,2
923,1978,17,031,804701,3
933,2084,17,031,804701,4
443,1305,17,031,804705,1
782,1723,17,031,804705,2
499,1120,17,031,804705,3
484,1506,17,031,804706,1
338,1047,17,031,804706,2
489,1322,17,031,804709,1
276,939,17,031,640800,1
262,860,17,031,640800,2
385,1320,17,031,650100,1
309,1162,17,031,650100,2
338,1122,17,031,650100,3
333,1159,17,031,650100,4
383,1281,17,031,650200,1
466,1618,17,031,650200,2
409,1323,17,031,650200,3
417,1470,17,031,650200,4
285,686,17,031,650200,5
279,873,17,031,650200,6
381,1252,17,031,650301,1
490,1743,17,031,650301,2
453,1634,17,031,650301,3
331,1191,17,031,650301,4
549,2062,17,031,650302,1
608,2460,17,031,650302,2
274,1117,17,031,650400,1
297,1155,17,031,650400,2
435,1656,17,031,650400,3
385,1479,17,031,650400,4
387,1476,17,031,650400,5
313,1129,17,031,650500,1
405,1543,17,031,650500,2
798,1692,17,031,650500,3
647,1850,17,031,660301,1
337,1197,17,031,660302,1
455,1433,17,031,660302,2
404,1332,17,031,660302,3
459,1587,17,031,660302,4
402,1527,17,031,660400,1
441,1302,17,031,660400,2
254,678,17,031,740100,2
289,853,17,031,828801,4
313,813,17,031,828801,5
418,1061,17,031,828802,1
411,1056,17,031,828802,2
309,856,17,031,828802,3
677,1764,17,031,828900,1
256,682,17,031,828900,2
429,919,17,031,828900,3
255,425,17,031,829000,1
220,457,17,031,829000,2
746,1754,17,031,829100,1
724,1758,17,031,829100,2
410,1066,17,031,829200,1
532,1301,17,031,829200,2
626,1610,17,031,829200,3
500,1283,17,031,829200,4
588,1548,17,031,829301,1
856,2360,17,031,829301,2
425,987,17,031,829302,1
479,1283,17,031,829302,2
493,1164,17,031,829302,3
434,1049,17,031,829401,1
503,888,17,031,829402,1
553,966,17,031,829402,2
543,1234,17,031,829402,3
916,2335,17,031,829500,1
341,790,17,031,829500,2
384,859,17,031,829500,3
1518,2693,17,031,330103,2
1851,3037,17,031,330103,3
650,1140,17,031,330200,1
1298,2862,17,031,330200,2
781,1865,17,031,340300,1
788,1838,17,031,340400,1
955,1629,17,031,340500,1
508,1151,17,031,340600,1
672,885,17,031,350100,1
1003,1343,17,031,350100,2
747,1584,17,031,640600,3
700,1821,17,031,640500,2
383,927,17,031,640600,1
650,1552,17,031,640600,2
243,836,17,031,640700,1
275,784,17,031,640700,2
317,851,17,031,640700,3
285,827,17,031,640700,4
342,826,17,031,730700,1
544,1455,17,031,730700,2
260,674,17,031,740100,1
268,667,17,031,740100,3
495,1172,17,031,740100,4
671,1266,17,031,740200,1
466,1307,17,031,740200,2
477,1399,17,031,740200,3
564,1555,17,031,740200,4
413,990,17,031,740300,1
428,1219,17,031,740300,2
298,807,17,031,740300,3
310,877,17,031,740300,4
400,974,17,031,740300,5
358,898,17,031,740400,1
354,869,17,031,740400,2
981,2137,17,031,740400,3
301,791,17,031,740400,4
408,992,17,031,750100,1
330,748,17,031,750100,2
372,827,17,031,750100,3
473,1169,17,031,750100,4
291,688,17,031,750200,1
407,819,17,031,750200,2
265,678,17,031,750200,3
438,838,17,031,750200,4
265,745,17,031,750300,1
417,874,17,031,750300,2
318,851,17,031,750300,3
643,1479,17,031,750400,1
326,773,17,031,750400,2
275,644,17,031,750400,3
637,1365,17,031,750500,1
274,696,17,031,750500,2
791,1850,17,031,750500,3
478,1186,17,031,750500,4
461,1112,17,031,750600,1
324,786,17,031,750600,2
347,756,17,031,750600,3
316,751,17,031,750600,4
471,1301,17,031,802506,1
1013,2197,17,031,802505,4
787,1659,17,031,802505,5
584,1761,17,031,802505,6
333,966,17,031,802506,2
606,1468,17,031,802605,1
902,1470,17,031,802605,2
459,1306,17,031,802605,3
458,1340,17,031,802605,4
757,1418,17,031,802605,5
545,1536,17,031,802607,1
1083,1839,17,031,802608,1
1065,2652,17,031,802608,2
450,1157,17,031,802608,3
647,1061,17,031,802608,4
1033,2187,17,031,802609,1
240,847,17,031,802609,2
585,1236,17,031,802609,3
918,2020,17,031,802609,4
681,1744,17,031,802610,1
743,2177,17,031,802701,1
571,1633,17,031,802701,2
343,1006,17,031,802701,3
655,1860,17,031,802701,4
802,1743,17,031,802702,1
776,1995,17,031,802702,2
290,835,17,031,802702,3
424,1142,17,031,802801,1
531,1237,17,031,802801,2
319,896,17,031,802801,3
416,929,17,031,802801,4
302,837,17,031,802801,5
460,1352,17,031,802802,1
516,1478,17,031,802802,2
568,1582,17,031,802802,3
489,1317,17,031,802802,4
522,1238,17,031,802802,5
379,944,17,031,802900,1
609,1746,17,031,802900,2
713,1922,17,031,802900,3
243,481,17,031,670900,1
232,583,17,031,670700,2
293,644,17,031,670800,1
400,830,17,031,670800,2
343,691,17,031,670900,2
437,993,17,031,671100,1
446,980,17,031,671200,1
354,932,17,031,671300,1
246,611,17,031,671300,2
210,505,17,031,671300,3
304,831,17,031,671400,1
288,725,17,031,671400,2
269,568,17,031,671500,1
440,1229,17,031,671500,2
384,919,17,031,671500,3
372,702,17,031,671600,1
296,616,17,031,671600,2
226,486,17,031,671600,3
492,1142,17,031,671800,1
433,1122,17,031,671900,1
318,904,17,031,672000,1
310,816,17,031,672000,2
350,997,17,031,672000,3
251,675,17,031,672000,4
657,1307,17,031,680500,1
599,1165,17,031,680600,1
666,1112,17,031,680900,1
519,680,17,031,680900,2
405,786,17,031,680900,3
444,984,17,031,680900,4
259,443,17,031,681000,1
320,556,17,031,681000,2
244,568,17,031,681000,3
611,1006,17,031,681000,4
274,596,17,031,681100,1
276,522,17,031,681100,2
285,681,17,031,681100,3
328,560,17,031,681100,4
424,1028,17,031,251800,2
453,1197,17,031,251600,3
513,1343,17,031,251700,1
483,1108,17,031,251800,1
398,956,17,031,251800,3
303,745,17,031,251800,4
472,1163,17,031,251800,5
314,762,17,031,251900,1
504,1391,17,031,251900,2
533,1033,17,031,251900,3
894,2010,17,031,251900,4
383,737,17,031,252000,1
944,1956,17,031,252000,2
729,1600,17,031,252000,3
617,1219,17,031,252000,4
775,1502,17,031,252101,1
739,1701,17,031,252102,1
621,1536,17,031,252102,2
774,1743,17,031,252102,3
471,1207,17,031,252102,4
372,837,17,031,252201,1
251,546,17,031,252201,2
548,1222,17,031,252201,3
377,837,17,031,252202,1
386,986,17,031,252202,2
478,1031,17,031,252202,3
285,751,17,031,252202,4
493,1151,17,031,252202,5
936,1477,17,031,260100,1
524,1054,17,031,260200,1
691,1500,17,031,260300,1
614,1398,17,031,260400,1
743,1822,17,031,260500,1
378,888,17,031,260600,1
497,1226,17,031,260600,2
239,490,17,031,260700,1
482,1201,17,031,260700,2
485,1059,17,031,260800,1
566,1212,17,031,260800,2
378,852,17,031,260900,1
238,577,17,031,260900,2
304,834,17,031,800200,3
499,1430,17,031,800100,2
458,1234,17,031,800200,1
494,1313,17,031,800200,2
336,966,17,031,800200,4
407,831,17,031,800500,1
342,1070,17,031,800500,2
313,895,17,031,800500,3
398,1314,17,031,800500,4
314,1017,17,031,800500,5
452,1368,17,031,800600,1
361,1061,17,031,800600,2
278,831,17,031,800700,1
742,2202,17,031,800700,2
272,809,17,031,800700,3
486,1377,17,031,800700,4
1137,2426,17,031,800800,1
490,1338,17,031,800900,1
278,801,17,031,800900,2
467,1304,17,031,800900,3
385,1047,17,031,800900,4
325,836,17,031,801000,1
469,1267,17,031,801000,2
756,1561,17,031,801000,3
608,1673,17,031,801000,4
254,761,17,031,801100,1
468,1161,17,031,801100,2
467,1350,17,031,801100,3
542,1594,17,031,801100,4
420,1138,17,031,801200,1
253,828,17,031,801200,2
804,1685,17,031,801200,3
388,904,17,031,801300,1
548,1533,17,031,801400,1
438,1238,17,031,801300,2
269,884,17,031,801300,3
636,1344,17,031,801300,4
506,1389,17,031,801400,2
1255,2394,17,031,801500,1
766,2090,17,031,801500,2
827,1769,17,031,801500,3
1288,2698,17,031,801601,1
800,1929,17,031,801601,2
484,1404,17,031,801603,1
1031,2357,17,031,801603,2
649,1463,17,031,801605,1
334,904,17,031,801605,2
753,1708,17,031,801605,3
356,1043,17,031,801605,4
425,1230,17,031,800200,5
310,889,17,031,800200,6
470,1292,17,031,800300,1
272,630,17,031,800300,2
548,1691,17,031,800300,3
437,1321,17,031,800400,1
567,1556,17,031,800400,2
364,1059,17,031,800400,3
294,963,17,031,620300,4
258,852,17,031,620300,1
346,1099,17,031,620300,2
356,1169,17,031,620300,3
283,847,17,031,620300,5
519,1468,17,031,620300,6
373,1328,17,031,620400,1
368,1418,17,031,620400,2
281,1063,17,031,620400,3
328,1215,17,031,620400,4
629,2388,17,031,630300,1
811,2997,17,031,630300,2
460,1790,17,031,630400,1
418,1578,17,031,630400,2
498,1875,17,031,630400,3
528,1961,17,031,630400,4
491,1773,17,031,630500,1
383,1390,17,031,630500,2
447,1521,17,031,630500,3
957,2074,17,031,640500,1
459,781,17,031,421200,2
630,1275,17,031,420800,1
625,1182,17,031,420800,2
326,620,17,031,421200,1
439,757,17,031,430101,1
531,1130,17,031,430101,2
472,863,17,031,430101,3
786,1341,17,031,430101,4
913,1161,17,031,430102,1
432,763,17,031,430102,2
728,1172,17,031,430102,3
326,629,17,031,430200,1
418,638,17,031,430200,2
618,911,17,031,430200,3
638,1337,17,031,430200,4
880,1546,17,031,430200,5
606,1227,17,031,430300,1
362,705,17,031,430300,2
285,626,17,031,430300,3
425,736,17,031,430400,1
406,850,17,031,430400,2
386,717,17,031,430400,3
367,549,17,031,430400,4
974,1528,17,031,430500,1
760,1420,17,031,430500,2
594,1150,17,031,430500,3
318,537,17,031,430600,1
562,1122,17,031,430600,2
872,1123,17,031,430700,1
540,879,17,031,430700,2
410,863,17,031,430800,1
470,999,17,031,430800,2
394,1582,17,031,630500,4
631,2097,17,031,630600,1
398,1153,17,031,630600,2
447,1645,17,031,630800,1
461,1713,17,031,630800,2
395,1590,17,031,630800,3
530,1686,17,031,630800,4
475,1677,17,031,630900,1
536,1780,17,031,630900,2
407,1736,17,031,630900,3
510,1312,17,031,640100,1
306,830,17,031,640300,1
475,1274,17,031,640300,2
283,848,17,031,640300,3
541,1609,17,031,640300,4
316,947,17,031,640300,5
472,1201,17,031,640300,6
568,1522,17,031,640400,1
705,1868,17,031,640400,2
564,1086,17,031,430900,1
333,696,17,031,430900,2
700,1538,17,031,431200,1
617,1359,17,031,431200,2
323,509,17,031,431301,1
799,1560,17,031,431301,2
721,1512,17,031,431301,3
713,1330,17,031,431302,1
672,1203,17,031,431302,2
423,1086,17,031,812000,5
393,718,17,031,812000,2
591,1494,17,031,812000,3
237,720,17,031,812000,4
322,875,17,031,812000,6
373,962,17,031,812100,1
395,1031,17,031,812100,2
428,1083,17,031,812100,3
313,864,17,031,812100,4
274,823,17,031,812100,5
347,1005,17,031,812200,1
292,857,17,031,812200,2
435,1190,17,031,812200,3
340,877,17,031,812200,4
450,805,17,031,812301,1
2076,2644,17,031,812301,2
915,1504,17,031,812301,3
386,953,17,031,812302,1
428,1043,17,031,812302,2
316,679,17,031,812302,3
438,1346,17,031,812400,1
464,1018,17,031,812400,2
366,1088,17,031,812400,3
535,1018,17,031,812500,1
437,814,17,031,812500,2
476,955,17,031,812500,3
393,870,17,031,812500,4
451,807,17,031,812600,1
640,1201,17,031,812600,2
622,1078,17,031,812600,3
399,794,17,031,812600,4
529,1063,17,031,812700,1
473,927,17,031,812700,2
762,1187,17,031,812700,3
1609,2355,17,031,812801,1
764,1012,17,031,812801,2
409,650,17,031,812802,1
417,757,17,031,812802,2
680,1114,17,031,812802,3
332,942,17,031,812900,1
463,1082,17,031,812900,2
620,1381,17,031,210700,2
425,956,17,031,210602,2
832,1900,17,031,210602,3
371,939,17,031,210700,1
739,1565,17,031,210700,3
447,986,17,031,210800,1
985,2130,17,031,210900,1
484,1040,17,031,210900,2
625,1189,17,031,220300,1
455,966,17,031,220300,2
520,1097,17,031,220400,1
714,1482,17,031,220400,2
574,1147,17,031,220500,1
643,835,17,031,220500,2
402,769,17,031,220500,3
414,749,17,031,220601,1
385,886,17,031,220601,2
799,1147,17,031,220602,1
937,1776,17,031,220602,2
380,889,17,031,220602,3
542,1566,17,031,803100,2
672,1887,17,031,803200,1
1071,1928,17,031,803200,2
628,1495,17,031,803200,3
1013,2356,17,031,803300,1
588,1048,17,031,220602,4
358,813,17,031,220701,1
273,729,17,031,220701,2
604,1372,17,031,220701,3
522,1291,17,031,220702,1
379,738,17,031,220702,2
334,813,17,031,220702,3
365,805,17,031,220702,4
381,882,17,031,220901,1
403,1022,17,031,220901,2
373,999,17,031,220901,3
553,1404,17,031,220902,1
577,1555,17,031,220902,2
561,1196,17,031,221000,1
520,1236,17,031,221000,2
753,1394,17,031,221100,1
907,1778,17,031,221100,2
487,1075,17,031,221100,3
651,1352,17,031,221200,1
738,1544,17,031,803007,1
499,1443,17,031,802900,4
376,1052,17,031,803005,1
757,1562,17,031,803005,2
600,1437,17,031,803007,2
878,2172,17,031,803007,3
629,1744,17,031,803008,1
411,1105,17,031,803008,2
730,1911,17,031,803008,3
420,1041,17,031,803010,1
291,750,17,031,803010,2
403,1146,17,031,803010,3
1006,2414,17,031,803010,4
1071,2233,17,031,803012,1
1104,2379,17,031,803013,1
845,2028,17,031,803013,2
491,1083,17,031,803013,3
906,2326,17,031,803014,1
656,1351,17,031,803014,2
866,1793,17,031,803015,1
760,1516,17,031,803015,2
482,1322,17,031,803015,3
994,2467,17,031,803016,1
864,2042,17,031,803017,1
927,2244,17,031,803017,2
957,1937,17,031,803017,3
714,2036,17,031,803100,1
1136,1549,17,031,803300,2
986,1728,17,031,803300,3
360,1002,17,031,803400,1
337,911,17,031,803400,2
339,1004,17,031,803400,3
609,1523,17,031,803400,4
360,1003,17,031,803400,5
459,1144,17,031,803400,6
296,614,17,031,691500,3
387,788,17,031,691400,5
319,536,17,031,691500,1
326,656,17,031,691500,2
630,2124,17,031,700100,1
471,1184,17,031,700100,2
401,1402,17,031,700200,1
465,1563,17,031,700200,2
465,1797,17,031,700200,3
538,1787,17,031,700200,4
542,1733,17,031,700301,1
496,1639,17,031,700301,2
680,2389,17,031,700301,3
450,1409,17,031,700302,1
320,980,17,031,700302,2
412,1377,17,031,700302,3
629,1879,17,031,700302,4
683,1951,17,031,700401,1
467,1542,17,031,700401,2
463,1494,17,031,700401,3
267,816,17,031,700401,4
330,1105,17,031,700402,1
400,1317,17,031,700402,2
562,1643,17,031,700402,3
514,1301,17,031,700501,1
246,619,17,031,700501,2
569,1457,17,031,700501,3
639,1562,17,031,700501,4
304,790,17,031,700501,5
358,883,17,031,700501,6
493,1343,17,031,700502,1
593,1453,17,031,700502,2
612,1015,17,031,710100,1
340,756,17,031,710200,1
437,984,17,031,710200,2
405,882,17,031,710200,3
327,738,17,031,710200,4
726,1275,17,031,710200,5
664,1424,17,031,710300,1
266,569,17,031,710400,1
256,765,17,031,801605,5
321,928,17,031,801606,1
444,1309,17,031,801606,2
726,1618,17,031,801606,3
247,707,17,031,801606,4
1191,2154,17,031,801606,5
600,1698,17,031,801607,1
478,1070,17,031,801607,2
1106,2443,17,031,801607,3
1184,2244,17,031,801608,1
699,1273,17,031,801608,2
254,766,17,031,801608,3
1000,2650,17,031,801608,4
765,2273,17,031,801701,1
529,1573,17,031,801701,2
449,1411,17,031,801702,1
405,1165,17,031,801702,2
626,1470,17,031,801702,3
277,710,17,031,801702,4
640,1607,17,031,801800,1
516,1084,17,031,801800,2
622,1783,17,031,801800,3
702,1432,17,031,801800,4
1129,2151,17,031,801901,1
506,1163,17,031,271200,1
477,1118,17,031,261000,1
503,1171,17,031,261000,2
285,751,17,031,150300,5
544,1236,17,031,150300,2
350,842,17,031,150300,3
387,1021,17,031,150300,4
447,998,17,031,150300,6
590,1253,17,031,150300,7
504,1174,17,031,150401,1
507,1277,17,031,150401,2
541,1183,17,031,150401,3
399,1047,17,031,150401,4
318,837,17,031,150402,1
470,1243,17,031,150402,2
682,1751,17,031,150402,3
654,1554,17,031,150501,1
318,888,17,031,150501,2
497,1369,17,031,150501,3
608,1568,17,031,150502,1
473,1279,17,031,150502,2
565,1324,17,031,150502,3
498,1085,17,031,150600,1
334,938,17,031,150600,2
363,1022,17,031,150600,3
324,837,17,031,150600,4
451,1088,17,031,150700,1
394,1147,17,031,150700,2
336,935,17,031,150700,3
497,1259,17,031,150700,4
1910,2578,17,031,281900,3
498,1112,17,031,282700,1
664,1446,17,031,282700,2
825,1634,17,031,282800,1
567,1176,17,031,283100,1
879,1541,17,031,283100,2
808,1670,17,031,283200,1
296,614,17,031,283800,1
1421,2680,17,031,283800,2
385,956,17,031,290900,1
379,924,17,031,290900,2
462,966,17,031,290900,3
476,1129,17,031,290900,4
511,1202,17,031,291200,1
462,1075,17,031,291200,2
428,874,17,031,291600,1
361,898,17,031,292200,1
548,1260,17,031,292200,2
318,784,17,031,292200,3
417,920,17,031,292400,1
507,1121,17,031,292400,2
464,1244,17,031,292500,1
561,1169,17,031,292500,2
778,1644,17,031,292500,3
264,728,17,031,805107,5
694,1351,17,031,805107,2
475,1009,17,031,805107,3
917,2236,17,031,805107,4
980,2217,17,031,805108,1
914,2325,17,031,805108,2
433,940,17,031,805108,3
417,918,17,031,805108,4
479,1217,17,031,805109,1
715,1969,17,031,805109,2
530,1149,17,031,805109,3
1020,1952,17,031,805110,1
614,1049,17,031,805110,2
251,687,17,031,805110,3
713,1587,17,031,270500,1
448,1060,17,031,271300,1
718,1523,17,031,271400,1
600,1373,17,031,271500,1
386,976,17,031,271800,1
1293,1982,17,031,280100,1
2749,3836,17,031,280100,2
1042,1582,17,031,280100,3
556,1224,17,031,280400,1
533,1183,17,031,280800,1
460,1077,17,031,280900,1
1930,2765,17,031,281900,1
1154,1688,17,031,281900,2
371,820,17,031,150800,1
355,923,17,031,150800,2
443,1185,17,031,150800,3
379,1073,17,031,150800,4
341,901,17,031,150800,5
719,1912,17,031,151001,1
295,911,17,031,151001,2
497,1300,17,031,151002,1
459,1244,17,031,151002,2
552,1393,17,031,151002,3
260,651,17,031,151002,4
608,1538,17,031,151100,1
515,1357,17,031,151100,2
580,1162,17,031,460200,2
298,613,17,031,460100,3
369,756,17,031,460100,4
415,786,17,031,460200,1
468,1137,17,031,460301,1
466,912,17,031,460301,2
452,938,17,031,460301,3
335,671,17,031,460302,1
355,711,17,031,460302,2
315,719,17,031,460302,3
559,1181,17,031,460302,4
674,1163,17,031,460400,1
334,611,17,031,460400,2
335,725,17,031,460400,3
384,912,17,031,460400,4
417,730,17,031,460500,1
303,652,17,031,460500,2
465,962,17,031,460500,3
287,636,17,031,460500,4
357,696,17,031,460500,5
351,702,17,031,460500,6
567,1018,17,031,460500,7
338,632,17,031,460800,1
423,757,17,031,460800,2
447,1173,17,031,460800,3
462,1062,17,031,460800,4
969,1336,17,031,461000,1
519,1229,17,031,470100,1
673,1298,17,031,470100,2
457,956,17,031,480100,1
495,1045,17,031,480100,2
370,558,17,031,480200,1
279,545,17,031,480200,2
639,1347,17,031,480300,1
783,987,17,031,081202,3
1087,1273,17,031,081201,3
435,627,17,031,081202,1
674,923,17,031,081202,2
514,820,17,031,081202,4
893,1028,17,031,081300,1
546,408,17,031,081300,2
795,1117,17,031,081300,3
1642,1745,17,031,081300,4
464,564,17,031,081300,5
546,678,17,031,081300,6
889,1086,17,031,081401,1
1011,1381,17,031,081401,2
2731,3562,17,031,081402,1
1240,1800,17,031,081402,2
1338,1690,17,031,081402,3
3930,5316,17,031,081403,1
1304,1745,17,031,081403,2
2132,2782,17,031,081403,3
1285,1634,17,031,081500,1
1337,1945,17,031,081500,2
1785,2338,17,031,081500,3
2322,3096,17,031,081600,1
882,1072,17,031,081600,2
1257,1798,17,031,081700,1
2969,3732,17,031,081700,2
2848,4007,17,031,081800,1
2644,3301,17,031,081800,2
976,1580,17,031,081800,3
1628,2485,17,031,081800,4
863,1325,17,031,081900,1
429,990,17,031,090100,1
385,996,17,031,090100,2
289,728,17,031,090100,3
343,871,17,031,090100,4
334,938,17,031,090200,1
508,1331,17,031,090200,2
871,1573,17,031,090200,3
935,1883,17,031,090200,4
318,900,17,031,090200,5
282,683,17,031,805110,4
275,755,17,031,805111,1
279,898,17,031,805111,2
1135,2511,17,031,805111,3
468,1245,17,031,805111,4
336,988,17,031,805111,5
786,1389,17,031,805111,6
897,1661,17,031,805112,1
621,1796,17,031,805112,2
359,938,17,031,805201,1
315,837,17,031,805201,2
497,1410,17,031,805201,3
313,930,17,031,805202,1
259,684,17,031,805202,2
432,1133,17,031,805202,3
565,1186,17,031,805202,4
357,974,17,031,805301,1
517,1598,17,031,805301,2
372,1016,17,031,805301,3
335,1058,17,031,805302,1
517,1380,17,031,805302,2
511,1435,17,031,805302,3
570,1360,17,031,805401,1
589,1549,17,031,805401,2
451,1147,17,031,805401,3
414,979,17,031,805402,1
364,839,17,031,480400,1
311,782,17,031,480400,2
683,1583,17,031,760803,1
1393,2620,17,031,760801,1
880,1783,17,031,760801,2
1180,2374,17,031,760802,1
787,1792,17,031,760803,2
923,1677,17,031,760803,3
568,1331,17,031,760803,4
1117,2500,17,031,770201,1
1115,2101,17,031,770201,2
717,1293,17,031,770201,3
680,1650,17,031,770202,1
1226,2068,17,031,770202,2
500,1339,17,031,770202,3
359,913,17,031,770300,1
637,1582,17,031,770300,2
553,1416,17,031,770300,3
952,1854,17,031,770300,4
567,1469,17,031,770300,5
527,1376,17,031,770400,1
641,1672,17,031,770400,2
657,1317,17,031,770400,3
1041,3685,17,031,770500,1
275,947,17,031,770500,2
375,1015,17,031,770601,1
365,999,17,031,770601,2
373,1026,17,031,770601,3
713,1828,17,031,770602,1
520,1440,17,031,770602,2
482,1380,17,031,770602,3
398,762,17,031,770700,1
899,1775,17,031,770700,2
1059,2648,17,031,770800,1
1127,3013,17,031,770800,2
493,1218,17,031,770901,1
406,1144,17,031,770901,2
350,904,17,031,770901,3
873,1979,17,031,770901,4
753,1863,17,031,770902,1
907,1869,17,031,770902,2
357,965,17,031,800100,1
548,1314,17,031,090300,1
780,2244,17,031,825302,3
450,1326,17,031,825200,2
789,1759,17,031,825302,1
897,1931,17,031,825302,2
781,1423,17,031,825303,1
373,1022,17,031,825303,2
268,602,17,031,825303,3
350,738,17,031,825303,4
916,1848,17,031,825304,1
730,1996,17,031,825304,2
612,1592,17,031,825400,1
1061,2316,17,031,825400,2
828,1360,17,031,825400,3
414,828,17,031,825501,1
974,2342,17,031,825501,2
730,2276,17,031,825501,3
412,780,17,031,825503,1
413,1203,17,031,825503,2
483,1203,17,031,825503,3
616,1521,17,031,825503,4
637,1815,17,031,825503,5
616,1858,17,031,825504,1
708,1733,17,031,825504,2
500,1339,17,031,825505,1
352,1044,17,031,825505,2
409,1187,17,031,825505,3
659,1639,17,031,825505,4
494,1350,17,031,825600,1
644,1788,17,031,825600,2
485,1346,17,031,825600,3
256,649,17,031,825600,4
323,794,17,031,825700,1
763,1771,17,031,825700,2
503,1236,17,031,825700,3
417,692,17,031,825801,1
691,1705,17,031,825801,2
648,1172,17,031,825801,3
880,1942,17,031,825802,1
813,1872,17,031,825802,2
723,2043,17,031,825802,3
351,916,17,031,818800,1
307,766,17,031,818700,2
490,1271,17,031,818700,3
437,860,17,031,818700,4
315,783,17,031,818800,2
301,747,17,031,818800,3
319,810,17,031,818800,4
508,1295,17,031,818800,5
450,1125,17,031,818800,6
532,1275,17,031,818900,1
833,1553,17,031,818900,2
469,1215,17,031,818900,3
310,942,17,031,819000,1
472,1426,17,031,819000,2
430,1306,17,031,819000,3
426,828,17,031,819000,4
464,1045,17,031,819100,1
445,1232,17,031,819100,2
578,1272,17,031,819100,3
538,1051,17,031,819100,4
439,970,17,031,819200,1
586,1728,17,031,819200,2
401,1250,17,031,821002,1
358,1026,17,031,821002,2
346,1095,17,031,821002,3
313,888,17,031,821002,4
473,1442,17,031,821002,5
432,1343,17,031,821101,1
267,826,17,031,821101,2
370,1169,17,031,821101,3
459,1441,17,031,821101,4
337,1103,17,031,821102,1
399,1155,17,031,821102,2
314,991,17,031,821102,3
334,969,17,031,821102,4
438,955,17,031,821200,1
608,1499,17,031,821200,2
916,2082,17,031,821200,3
500,1099,17,031,821200,4
341,836,17,031,821300,1
1079,2613,17,031,821300,2
325,654,17,031,821300,3
600,1363,17,031,821300,4
255,574,17,031,821401,1
242,667,17,031,821401,2
289,616,17,031,821401,3
488,1013,17,031,821401,4
500,1062,17,031,821402,1
706,1901,17,031,819200,3
608,1546,17,031,819200,4
268,631,17,031,819300,1
567,1396,17,031,819300,2
277,737,17,031,819300,3
512,1202,17,031,819400,1
719,1679,17,031,819400,2
287,790,17,031,819400,3
362,1015,17,031,819400,4
367,983,17,031,819400,5
714,1035,17,031,819500,1
501,782,17,031,819500,2
462,858,17,031,819500,3
351,883,17,031,819500,4
269,818,17,031,819600,1
357,1120,17,031,819600,2
452,1220,17,031,819600,3
322,910,17,031,819600,4
370,1064,17,031,819700,1
475,1413,17,031,821001,1
459,1520,17,031,820902,2
369,1180,17,031,820902,3
464,1455,17,031,820902,4
359,1145,17,031,821001,2
435,1179,17,031,821001,3
509,1468,17,031,821001,4
671,1507,17,031,140200,2
592,1472,17,031,140100,1
696,1992,17,031,140100,2
552,1300,17,031,140200,1
720,2013,17,031,140200,3
381,1196,17,031,140301,1
536,1497,17,031,140301,2
348,878,17,031,140302,1
570,1528,17,031,140302,2
536,1349,17,031,140302,3
466,1375,17,031,140400,1
365,1042,17,031,140400,2
363,1094,17,031,140400,3
507,1219,17,031,140400,4
628,1773,17,031,140400,5
404,1107,17,031,140500,1
451,1030,17,031,140500,2
493,1314,17,031,140500,3
910,2545,17,031,140601,1
322,925,17,031,140602,1
704,1836,17,031,140602,2
495,1403,17,031,140602,3
350,877,17,031,140602,4
607,1390,17,031,140701,1
534,1394,17,031,140701,2
558,1350,17,031,821402,2
304,788,17,031,821402,3
767,1421,17,031,821500,1
262,722,17,031,821600,1
513,1264,17,031,821600,2
979,2538,17,031,821600,3
686,2131,17,031,831200,2
865,1834,17,031,831100,3
1000,2312,17,031,831100,4
313,724,17,031,831200,1
674,1952,17,031,831200,3
423,1251,17,031,831300,1
250,591,17,031,831400,1
937,2017,17,031,831400,2
919,2598,17,031,831500,1
613,1814,17,031,831500,2
396,1398,17,031,831600,1
438,1334,17,031,831600,2
390,1187,17,031,831600,3
1020,1840,17,031,831600,4
378,1257,17,031,831600,5
301,729,17,031,831600,6
929,2237,17,031,831700,1
372,900,17,031,831800,1
363,758,17,031,831800,2
488,1295,17,031,831800,3
452,1087,17,031,831800,4
760,1809,17,031,831800,5
777,1546,17,031,831900,1
839,1494,17,031,831900,2
1176,2043,17,031,832000,1
1043,1544,17,031,832100,1
525,1004,17,031,832100,2
508,862,17,031,832100,3
437,874,17,031,832200,1
917,1709,17,031,832200,2
366,700,17,031,832200,3
1011,2030,17,031,832300,1
958,1905,17,031,832400,1
832,1696,17,031,832400,2
662,1302,17,031,832500,1
943,1972,17,031,832500,2
417,866,17,031,832600,1
550,1170,17,031,832600,2
1066,2111,17,031,832600,3
619,1171,17,031,832900,1
366,817,17,031,832900,2
333,702,17,031,839900,4
301,627,17,031,839900,1
702,1644,17,031,839900,2
389,848,17,031,839900,3
551,1530,17,031,140702,1
560,1406,17,031,140702,2
563,1392,17,031,140702,3
456,1198,17,031,140702,4
517,1023,17,031,140800,1
378,833,17,031,140800,2
513,1119,17,031,140800,3
640,1462,17,031,140800,4
875,2049,17,031,140800,5
517,1172,17,031,150200,1
638,1527,17,031,150200,2
727,1333,17,031,150200,3
825,2042,17,031,150200,4
649,1346,17,031,150200,5
531,1019,17,031,150300,1
527,1511,17,031,580100,2
298,1061,17,031,570500,1
487,1578,17,031,570500,2
533,1717,17,031,580100,1
392,1306,17,031,580200,1
685,2160,17,031,580200,2
816,2577,17,031,580300,1
431,1125,17,031,580400,1
384,1133,17,031,580400,2
400,1223,17,031,580400,3
371,1065,17,031,580400,4
417,1293,17,031,580501,1
277,840,17,031,580501,2
606,1680,17,031,580501,3
458,1353,17,031,580501,4
350,1048,17,031,580502,1
491,1679,17,031,580502,2
862,2618,17,031,580502,3
302,899,17,031,580600,1
439,1200,17,031,580600,2
553,1694,17,031,580600,3
527,1601,17,031,580600,4
400,1156,17,031,580700,1
947,2716,17,031,580700,2
558,1749,17,031,580700,3
639,2058,17,031,580800,1
793,1836,17,031,590500,1
401,1098,17,031,590600,1
480,1212,17,031,590600,2
439,1167,17,031,590600,3
630,1693,17,031,590700,1
492,1331,17,031,590700,2
652,1549,17,031,600400,1
405,1032,17,031,600400,2
717,1716,17,031,600400,3
777,1878,17,031,600600,1
431,1107,17,031,600600,2
500,1258,17,031,600700,1
754,1755,17,031,841200,3
448,990,17,031,841300,1
731,1691,17,031,841300,2
420,788,17,031,841300,3
312,689,17,031,841300,4
595,1447,17,031,841500,1
628,1448,17,031,841500,2
911,1509,17,031,841700,1
320,689,17,031,841800,1
814,1715,17,031,841800,2
791,1231,17,031,841900,1
290,610,17,031,839900,5
754,1830,17,031,840000,1
436,1171,17,031,840000,2
437,1059,17,031,840100,1
752,1970,17,031,840100,2
925,2485,17,031,840200,1
379,1089,17,031,840300,1
374,1103,17,031,840300,2
731,2004,17,031,840300,3
585,1438,17,031,840400,1
688,1919,17,031,840400,2
335,889,17,031,840700,1
400,1276,17,031,840700,2
708,1722,17,031,840700,3
681,2147,17,031,840800,1
393,1185,17,031,840800,2
661,1136,17,031,841000,1
693,1644,17,031,841100,1
879,2268,17,031,841100,2
730,1942,17,031,841100,3
729,1435,17,031,841100,4
579,1287,17,031,841200,1
742,1821,17,031,841200,2
650,1328,17,031,600700,2
308,664,17,031,600900,1
621,1139,17,031,600900,2
1207,1830,17,031,431400,3
930,1818,17,031,431302,3
1029,1543,17,031,431400,1
972,1563,17,031,431400,2
962,1297,17,031,431400,4
759,1359,17,031,440101,1
562,886,17,031,440101,2
268,414,17,031,440101,3
849,1510,17,031,440101,4
774,1207,17,031,440102,1
358,626,17,031,440102,2
485,864,17,031,440102,3
514,936,17,031,440102,4
782,1310,17,031,440201,1
848,1470,17,031,440201,2
392,720,17,031,440201,3
937,1554,17,031,440201,4
615,1178,17,031,440202,1
1198,1687,17,031,440202,2
270,660,17,031,440202,3
316,691,17,031,440300,1
725,1335,17,031,440300,2
296,638,17,031,440300,3
555,998,17,031,440300,4
528,1015,17,031,440300,5
376,849,17,031,440600,1
486,1147,17,031,440600,2
336,725,17,031,440700,1
337,772,17,031,440700,2
435,794,17,031,440800,1
448,826,17,031,440800,2
473,919,17,031,440900,1
362,702,17,031,440900,2
385,841,17,031,440900,3
539,1163,17,031,450300,1
300,648,17,031,450300,2
434,849,17,031,450300,3
321,592,17,031,450300,4
610,860,17,031,460100,1
310,611,17,031,460100,2
287,851,17,031,830008,2
888,2117,17,031,830007,2
591,1236,17,031,830007,3
819,2215,17,031,830008,1
520,1276,17,031,830008,3
805,2162,17,031,830100,1
401,1135,17,031,830100,2
973,1640,17,031,830201,1
1093,2157,17,031,830201,2
441,1308,17,031,830201,3
677,1698,17,031,830202,1
493,1357,17,031,830202,2
789,1349,17,031,830300,1
626,1354,17,031,830300,2
754,1621,17,031,830300,3
575,1045,17,031,830300,4
285,624,17,031,830400,1
390,839,17,031,830400,2
958,2038,17,031,830400,3
285,590,17,031,830400,4
445,1541,17,031,830500,1
537,1804,17,031,830500,2
318,1065,17,031,830500,3
464,1076,17,031,830600,1
901,1746,17,031,830600,2
584,1275,17,031,830600,3
345,822,17,031,830600,4
562,820,17,031,830700,1
431,707,17,031,830700,2
556,1094,17,031,830700,3
665,1180,17,031,830700,4
582,993,17,031,830800,1
318,535,17,031,830800,2
599,877,17,031,830800,3
671,1276,17,031,830900,1
506,1161,17,031,830900,2
282,631,17,031,830900,3
615,1122,17,031,831000,1
696,1511,17,031,831000,2
477,1162,17,031,831100,1
649,1363,17,031,831100,2
309,566,17,031,010100,1
1209,2312,17,031,010100,2
1193,1782,17,031,010100,3
824,1826,17,031,010201,1
563,1129,17,031,010201,2
940,2084,17,031,010201,3
735,1796,17,031,010201,4
581,1033,17,031,010202,1
698,1455,17,031,010202,2
286,756,17,031,110300,3
562,1219,17,031,110200,2
286,714,17,031,110300,1
420,1079,17,031,110300,2
533,1417,17,031,110300,4
533,1382,17,031,110300,5
735,1717,17,031,110400,1
657,1425,17,031,110400,2
647,1374,17,031,110400,3
347,827,17,031,110501,1
671,1751,17,031,110501,2
253,644,17,031,110501,3
621,1558,17,031,110501,4
863,1445,17,031,110502,1
721,1775,17,031,110502,2
558,1610,17,031,120100,1
335,969,17,031,120100,2
303,798,17,031,120100,3
408,1013,17,031,120100,4
669,1768,17,031,120200,1
351,958,17,031,120200,2
314,862,17,031,120200,3
477,1160,17,031,120200,4
379,1131,17,031,120300,1
534,1379,17,031,120300,2
535,1514,17,031,120300,3
354,935,17,031,120300,4
334,953,17,031,120300,5
374,979,17,031,120300,6
354,925,17,031,120400,1
428,1122,17,031,120400,2
564,1479,17,031,120400,3
393,1261,17,031,130100,1
1033,1664,17,031,130100,2
650,2102,17,031,130100,3
647,1403,17,031,130200,1
269,692,17,031,130300,1
319,889,17,031,130300,2
667,1768,17,031,130300,3
685,1734,17,031,130300,4
1067,1803,17,031,809500,1
1299,1504,17,031,809401,2
1245,1845,17,031,809402,1
920,1277,17,031,809402,2
1067,1495,17,031,809500,2
450,875,17,031,809500,3
297,824,17,031,809600,1
525,1182,17,031,809600,2
414,1300,17,031,809600,3
502,1212,17,031,809700,1
621,1679,17,031,809700,2
263,823,17,031,809700,3
497,926,17,031,809800,1
663,1421,17,031,809800,2
567,1307,17,031,809900,1
888,1688,17,031,809900,2
1247,1918,17,031,810000,1
1152,2249,17,031,810000,2
818,1458,17,031,810000,3
403,677,17,031,810100,1
512,1054,17,031,810100,2
407,895,17,031,810100,3
338,806,17,031,810100,4
545,1016,17,031,810100,5
455,1005,17,031,810200,1
617,1122,17,031,810200,2
465,1114,17,031,810200,3
707,1423,17,031,810200,4
339,670,17,031,810200,5
390,875,17,031,810200,6
296,780,17,031,810301,1
328,877,17,031,810301,2
437,1194,17,031,810301,3
494,1146,17,031,810301,4
577,1402,17,031,810302,1
445,1084,17,031,810302,2
291,777,17,031,810302,3
317,839,17,031,810400,1
433,1227,17,031,810400,2
928,2285,17,031,810400,3
376,1052,17,031,810400,4
370,1018,17,031,040300,1
1195,2786,17,031,040202,2
628,1382,17,031,040202,3
1060,2105,17,031,040202,4
477,1105,17,031,040300,2
332,713,17,031,040300,3
411,810,17,031,040401,1
319,725,17,031,040401,2
272,603,17,031,040401,3
491,991,17,031,040401,4
392,724,17,031,040402,1
370,612,17,031,040402,2
744,1284,17,031,040402,3
312,619,17,031,040402,4
936,1507,17,031,040402,5
313,613,17,031,040600,1
622,1019,17,031,040600,2
451,898,17,031,040600,3
478,836,17,031,040700,1
497,846,17,031,040700,2
403,964,17,031,040700,3
372,780,17,031,040700,4
446,837,17,031,040800,1
405,784,17,031,040800,2
741,1334,17,031,040900,1
419,712,17,031,040900,2
459,842,17,031,050100,1
827,1726,17,031,050100,2
480,1131,17,031,050200,1
1050,2275,17,031,050200,2
873,1903,17,031,050200,3
438,1014,17,031,050300,1
356,831,17,031,050300,2
379,826,17,031,050300,3
460,1041,17,031,050500,1
652,1500,17,031,050500,2
337,816,17,031,050500,3
400,983,17,031,050500,4
356,775,17,031,050500,5
660,1285,17,031,050600,1
552,1158,17,031,050600,2
1099,2529,17,031,803614,2
641,1984,17,031,803613,1
509,1450,17,031,803613,2
712,1893,17,031,803614,1
728,1856,17,031,803615,1
543,896,17,031,803615,2
997,1906,17,031,803616,1
427,905,17,031,803616,2
900,1824,17,031,803616,3
703,1150,17,031,803701,1
829,1557,17,031,803701,2
445,841,17,031,803702,1
712,2170,17,031,803702,2
763,1707,17,031,803702,3
902,1598,17,031,803702,4
474,1110,17,031,803800,1
297,755,17,031,803800,2
726,1688,17,031,803800,3
385,953,17,031,803800,4
1306,1888,17,031,803901,1
910,2025,17,031,803901,2
425,1026,17,031,803902,1
439,1077,17,031,803902,2
487,1257,17,031,803902,3
820,2056,17,031,804000,1
1175,2706,17,031,804000,2
777,2343,17,031,804102,1
868,2139,17,031,804102,2
972,2602,17,031,804102,3
590,1702,17,031,804104,1
737,1977,17,031,804104,2
432,1270,17,031,804104,3
540,1556,17,031,804105,1
513,1510,17,031,804105,2
388,1102,17,031,804105,3
719,1964,17,031,804106,1
748,1789,17,031,804106,2
565,1590,17,031,804106,3
733,1905,17,031,804106,4
1321,2472,17,031,804108,1
1007,2445,17,031,824004,1
999,2484,17,031,824003,1
749,2228,17,031,824003,2
594,1425,17,031,824003,3
779,1726,17,031,824004,2
479,897,17,031,824004,3
788,2006,17,031,824005,1
712,1892,17,031,824005,2
668,2035,17,031,824005,3
884,2740,17,031,824006,1
921,2356,17,031,824006,2
1178,2797,17,031,824105,1
502,1420,17,031,824105,2
353,1081,17,031,824105,3
789,1999,17,031,824105,4
712,2158,17,031,824106,1
1056,2364,17,031,824106,2
978,2499,17,031,824106,3
289,818,17,031,824107,1
452,1223,17,031,824107,2
1001,2218,17,031,824107,3
1065,2470,17,031,824107,4
408,1180,17,031,824113,1
586,1674,17,031,824113,2
889,2313,17,031,824113,3
389,1153,17,031,824113,4
1322,3274,17,031,824114,1
731,2015,17,031,824114,2
643,1646,17,031,824115,1
880,2031,17,031,824115,2
789,1837,17,031,824116,1
269,721,17,031,824116,2
649,1469,17,031,824116,3
660,1217,17,031,824116,4
404,1127,17,031,820300,2
399,761,17,031,820204,2
865,1798,17,031,820204,3
649,1786,17,031,820300,1
312,1012,17,031,820300,3
516,1634,17,031,820300,4
436,1129,17,031,820400,1
679,2227,17,031,820400,2
787,2198,17,031,820400,3
256,723,17,031,820501,1
382,1047,17,031,820501,2
383,937,17,031,820501,3
497,1313,17,031,820501,4
637,1873,17,031,820501,5
480,1336,17,031,820502,1
445,1106,17,031,820502,2
705,1689,17,031,820502,3
287,807,17,031,820502,4
575,1583,17,031,820603,1
805,2141,17,031,820603,2
696,1806,17,031,820603,3
1097,2665,17,031,820604,1
397,1011,17,031,820604,2
751,1607,17,031,820605,1
619,1402,17,031,820605,2
711,1514,17,031,820605,3
785,1603,17,031,820606,1
913,2263,17,031,820606,2
703,1910,17,031,820700,1
454,1327,17,031,820700,2
584,1561,17,031,820700,3
782,2268,17,031,820700,4
445,1443,17,031,820800,1
458,1493,17,031,820800,2
276,734,17,031,820800,3
964,2388,17,031,820901,1
437,1201,17,031,820901,2
285,902,17,031,820901,3
368,1085,17,031,820901,4
323,896,17,031,820902,1
772,1413,17,031,010300,4
595,994,17,031,010300,1
977,1682,17,031,010300,2
945,1396,17,031,010300,3
947,1396,17,031,010400,1
488,784,17,031,010400,2
916,1381,17,031,010400,3
612,916,17,031,010501,1
1109,1821,17,031,010501,2
978,1469,17,031,010501,3
799,1334,17,031,010502,1
1147,1708,17,031,010502,2
1133,1835,17,031,010503,1
473,730,17,031,010503,2
1071,1976,17,031,010600,1
320,713,17,031,010600,2
1054,1897,17,031,010600,3
906,1473,17,031,010600,4
697,1519,17,031,010701,1
972,2154,17,031,010701,2
730,1699,17,031,010702,1
460,930,17,031,010702,2
698,1335,17,031,010702,3
386,785,17,031,010702,4
1007,2511,17,031,020100,1
659,1614,17,031,020100,2
521,1903,17,031,020200,1
459,1251,17,031,020200,2
514,1773,17,031,020200,3
674,2056,17,031,020200,4
1017,1762,17,031,020301,1
641,1499,17,031,020301,2
565,1986,17,031,020301,3
469,1318,17,031,020302,1
414,1184,17,031,020302,2
1044,2177,17,031,020302,3
354,807,17,031,020400,1
635,1472,17,031,020400,2
879,2116,17,031,020400,3
993,2553,17,031,020500,1
389,1066,17,031,200200,1
579,1645,17,031,200200,2
384,1147,17,031,200200,3
438,1284,17,031,200200,4
293,860,17,031,200300,1
394,1155,17,031,200300,2
383,1200,17,031,200401,1
740,2543,17,031,200401,2
559,1598,17,031,200402,1
480,1433,17,031,200402,2
369,1161,17,031,200402,3
671,1461,17,031,210100,1
590,1494,17,031,210100,2
497,1097,17,031,210100,3
744,1732,17,031,210400,1
469,1112,17,031,210400,2
490,1162,17,031,210501,1
1139,2393,17,031,210501,2
753,1805,17,031,210502,1
532,1209,17,031,210502,2
402,1067,17,031,210502,3
267,660,17,031,210601,1
350,712,17,031,210601,2
554,1345,17,031,210601,3
585,1292,17,031,210602,1
272,529,17,031,221300,3
747,1596,17,031,221200,2
766,1458,17,031,221300,1
612,1075,17,031,221300,2
551,1200,17,031,221400,1
583,1021,17,031,221400,2
553,1164,17,031,221400,3
720,1221,17,031,221500,1
873,1688,17,031,221500,2
805,1639,17,031,221600,1
769,1520,17,031,221600,2
443,1260,17,031,020500,2
634,2182,17,031,191100,5
345,1001,17,031,191100,2
365,1094,17,031,191100,3
451,1468,17,031,191100,4
290,992,17,031,191100,6
794,2665,17,031,191200,1
343,1133,17,031,191200,2
638,2166,17,031,191301,1
500,1488,17,031,191301,2
454,1559,17,031,191301,3
765,2507,17,031,191302,1
730,2433,17,031,191302,2
288,837,17,031,200100,1
438,1433,17,031,200100,2
720,1848,17,031,200100,3
464,1020,17,031,222200,1
589,1125,17,031,222200,2
633,1415,17,031,222500,1
815,1599,17,031,222600,1
409,909,17,031,222700,1
559,1151,17,031,222700,2
447,960,17,031,222800,1
444,1089,17,031,222900,1
718,1504,17,031,230100,1
731,1793,17,031,230200,1
341,956,17,031,230300,1
376,1069,17,031,230400,1
425,1166,17,031,230400,2
810,2265,17,031,230500,1
454,1154,17,031,230500,2
255,701,17,031,230600,1
501,1337,17,031,230600,2
348,1011,17,031,230600,3
379,924,17,031,230600,4
546,1565,17,031,230600,5
489,1272,17,031,230600,6
478,1403,17,031,230700,1
416,1165,17,031,230700,2
577,1643,17,031,230700,3
757,2006,17,031,230700,4
447,1210,17,031,230800,1
802,1683,17,031,230900,1
816,1966,17,031,230900,2
495,1276,17,031,230900,3
435,1201,17,031,231100,1
825,1696,17,031,062200,1
780,1548,17,031,062200,2
0,0,17,031,061902,4
904,1233,17,031,061902,1
1307,1836,17,031,061902,2
1161,1596,17,031,061902,3
1182,1923,17,031,062000,1
565,912,17,031,062000,2
438,873,17,031,062100,1
707,1164,17,031,062100,2
1081,1780,17,031,062100,3
750,1667,17,031,062300,1
737,1586,17,031,062400,1
931,1675,17,031,062500,1
1016,2477,17,031,062600,1
412,909,17,031,062700,1
398,876,17,031,062700,2
564,1170,17,031,062700,3
517,1178,17,031,062800,1
527,1218,17,031,062800,2
708,1455,17,031,062800,3
702,1313,17,031,062900,1
655,1261,17,031,062900,2
793,1551,17,031,062900,3
851,1334,17,031,063000,1
819,1349,17,031,063000,2
431,728,17,031,063000,3
795,1320,17,031,063100,1
683,1056,17,031,063100,2
796,1161,17,031,063200,1
452,639,17,031,063200,2
781,1125,17,031,063200,3
1149,1515,17,031,063200,4
644,853,17,031,063200,5
1130,1522,17,031,063200,6
765,1048,17,031,063301,1
627,865,17,031,063301,2
666,920,17,031,063301,3
1122,1656,17,031,063302,1
699,927,17,031,063302,2
648,822,17,031,063302,3
479,1283,17,031,817600,3
347,1024,17,031,817500,4
421,1211,17,031,817600,1
474,1258,17,031,817600,2
349,991,17,031,817700,1
425,1268,17,031,817700,2
569,1649,17,031,817700,3
311,895,17,031,817700,4
677,1338,17,031,817900,1
514,1121,17,031,817900,2
452,926,17,031,817900,3
385,945,17,031,817900,4
439,1166,17,031,817900,5
747,1903,17,031,818000,1
452,1043,17,031,818000,2
553,1468,17,031,818000,3
418,1120,17,031,818100,1
496,1193,17,031,818100,2
394,1107,17,031,818200,1
347,853,17,031,818200,2
369,967,17,031,818200,3
824,1818,17,031,818200,4
489,1329,17,031,818300,1
533,1549,17,031,818300,2
676,1856,17,031,818300,3
395,1022,17,031,818300,4
326,780,17,031,818401,1
275,826,17,031,818401,2
930,2379,17,031,818600,2
567,1277,17,031,818600,3
302,785,17,031,818700,1
419,986,17,031,818401,3
390,975,17,031,818401,4
330,817,17,031,818402,1
426,1004,17,031,818402,2
756,1461,17,031,818402,3
619,1508,17,031,818500,1
711,1573,17,031,818500,2
952,1602,17,031,818500,3
382,866,17,031,818500,4
661,1429,17,031,818600,1
457,1409,17,031,560200,2
427,1049,17,031,550200,2
364,1242,17,031,560100,1
98,279,17,031,560200,1
601,1789,17,031,560300,1
460,1464,17,031,560300,2
445,1630,17,031,560400,1
519,1355,17,031,560700,1
785,2280,17,031,560700,2
443,1197,17,031,560800,1
634,1459,17,031,560800,2
359,1016,17,031,560800,3
341,855,17,031,560800,4
421,1133,17,031,560800,5
412,1106,17,031,560900,1
243,634,17,031,560900,2
352,885,17,031,560900,3
401,1057,17,031,560900,4
250,573,17,031,560900,5
309,847,17,031,560900,6
402,1055,17,031,561000,1
253,661,17,031,561000,2
398,1021,17,031,561000,3
266,618,17,031,561000,4
385,1045,17,031,561000,5
437,908,17,031,561000,6
243,732,17,031,561100,1
292,823,17,031,561100,2
296,784,17,031,561100,3
449,1246,17,031,561100,4
460,1292,17,031,561100,5
253,704,17,031,561100,6
433,1316,17,031,570100,1
644,2087,17,031,570200,1
456,1497,17,031,570300,1
332,1086,17,031,570300,2
499,1585,17,031,570300,3
665,2195,17,031,570300,4
315,938,17,031,570400,1
276,825,17,031,570400,2
596,1241,17,031,804710,3
453,1313,17,031,804709,5
391,1129,17,031,804710,1
404,1160,17,031,804710,2
271,762,17,031,804710,4
1035,2372,17,031,804711,1
405,1023,17,031,804711,2
1162,3042,17,031,804711,3
426,1187,17,031,804711,4
830,2102,17,031,804712,1
363,1015,17,031,804712,2
779,2339,17,031,804712,3
858,1599,17,031,804713,1
998,1963,17,031,804713,2
241,734,17,031,804713,3
252,741,17,031,804713,4
538,1089,17,031,804714,1
419,1221,17,031,804714,2
427,1204,17,031,804714,3
613,1930,17,031,804715,1
564,1491,17,031,804715,2
538,1649,17,031,804716,1
775,2328,17,031,804716,2
534,1342,17,031,804716,3
477,1239,17,031,804803,1
643,1527,17,031,804803,2
1061,2955,17,031,804803,3
425,1363,17,031,804804,1
1221,2683,17,031,804804,2
259,917,17,031,804804,3
804,1824,17,031,804804,4
710,1744,17,031,804805,1
313,909,17,031,804805,2
514,1408,17,031,804805,3
1034,2796,17,031,804805,4
258,861,17,031,804806,1
330,1203,17,031,804806,2
559,1726,17,031,804806,3
339,1029,17,031,804807,1
321,929,17,031,804807,2
444,922,17,031,813000,2
565,1337,17,031,812900,3
623,1379,17,031,812900,4
272,684,17,031,813000,1
268,771,17,031,813000,3
361,848,17,031,813000,4
221,710,17,031,813000,5
536,981,17,031,813100,1
425,963,17,031,813100,2
262,748,17,031,813100,3
270,607,17,031,813100,4
509,1376,17,031,813100,5
373,837,17,031,813200,1
345,860,17,031,813200,2
306,833,17,031,813200,3
388,954,17,031,813200,4
358,1098,17,031,813200,5
543,1655,17,031,813301,1
235,841,17,031,813301,2
327,1138,17,031,813301,3
512,1690,17,031,813302,1
664,2168,17,031,813302,2
427,1444,17,031,813400,1
323,1103,17,031,813400,2
318,1153,17,031,813400,3
423,1564,17,031,813400,4
367,1308,17,031,813400,5
309,999,17,031,813400,6
524,1579,17,031,813500,1
371,1367,17,031,813500,2
362,1022,17,031,813500,3
457,1695,17,031,813500,4
432,1485,17,031,813500,5
438,1408,17,031,813600,1
635,2212,17,031,813600,2
542,1823,17,031,813600,3
692,2134,17,031,813701,1
576,1752,17,031,813701,2
352,1171,17,031,813702,1
170,607,17,031,813702,2
405,1301,17,031,813702,3
422,1385,17,031,660500,2
349,1388,17,031,660400,3
385,1474,17,031,660400,4
421,1270,17,031,660500,1
332,1200,17,031,660500,3
329,1158,17,031,660500,4
442,1006,17,031,660600,1
397,1111,17,031,660600,2
472,1217,17,031,660600,3
491,1398,17,031,660600,4
636,1672,17,031,660600,5
299,885,17,031,660700,1
429,1189,17,031,660700,2
369,1044,17,031,660800,1
434,1179,17,031,660800,2
441,1184,17,031,660800,3
308,991,17,031,660800,4
654,1716,17,031,660800,5
656,1504,17,031,660900,1
594,1455,17,031,660900,2
621,1468,17,031,660900,3
362,987,17,031,661000,1
283,800,17,031,661000,2
399,943,17,031,661000,3
487,1339,17,031,661000,4
658,1687,17,031,661000,5
513,1385,17,031,661100,1
330,988,17,031,661100,2
347,1185,17,031,661100,3
330,1327,17,031,661100,4
445,1748,17,031,661100,5
259,579,17,031,670100,1
338,745,17,031,670100,2
566,1325,17,031,670200,1
217,541,17,031,670300,1
346,701,17,031,670300,2
681,1585,17,031,670400,1
445,1145,17,031,670500,1
320,826,17,031,670600,1
183,513,17,031,670600,2
240,669,17,031,670700,1
312,976,17,031,807300,4
1217,2792,17,031,807300,1
707,1686,17,031,807300,2
639,1397,17,031,807300,3
291,853,17,031,807300,5
263,821,17,031,807400,1
515,1529,17,031,807400,2
1003,2519,17,031,807400,3
254,798,17,031,807400,4
419,1152,17,031,807400,5
365,1114,17,031,807500,1
311,899,17,031,807500,2
439,1286,17,031,807500,3
442,1305,17,031,807600,1
569,1646,17,031,807600,2
287,860,17,031,807600,3
427,1320,17,031,807600,4
515,1559,17,031,807600,5
823,2024,17,031,807700,1
582,1566,17,031,807700,2
456,1132,17,031,807700,3
621,1400,17,031,807700,4
465,1351,17,031,807800,1
466,1442,17,031,807800,2
529,1490,17,031,807900,1
518,1293,17,031,807900,2
492,1410,17,031,807900,3
456,1348,17,031,808001,1
386,1184,17,031,808001,2
540,1449,17,031,808001,3
393,1263,17,031,808002,1
600,1333,17,031,808002,2
473,1562,17,031,808002,3
268,815,17,031,808002,4
868,1797,17,031,808100,1
1066,1548,17,031,808100,2
836,2419,17,031,808200,1
529,1556,17,031,808200,2
644,1664,17,031,808200,3
506,991,17,031,808301,1
1340,2842,17,031,808301,2
302,929,17,031,805002,4
452,1163,17,031,805002,5
526,1087,17,031,805105,1
949,1885,17,031,805105,2
588,1370,17,031,805105,3
642,2097,17,031,805105,4
229,808,17,031,805105,5
638,1133,17,031,805106,1
624,1565,17,031,805106,2
863,1454,17,031,805107,1
764,2297,17,031,824505,2
315,854,17,031,824505,3
898,1769,17,031,824505,4
369,1031,17,031,804808,2
828,2092,17,031,804807,3
405,1174,17,031,804807,4
264,723,17,031,804808,1
292,842,17,031,804808,3
487,1399,17,031,804809,1
648,1687,17,031,804809,2
438,1173,17,031,804809,3
600,1427,17,031,804810,1
391,1149,17,031,804810,2
1055,2588,17,031,804810,3
713,1782,17,031,804810,4
877,1712,17,031,804901,1
337,961,17,031,804901,2
554,1393,17,031,804901,3
304,750,17,031,804901,4
419,1183,17,031,804901,5
304,872,17,031,804901,6
487,1396,17,031,804902,1
452,1160,17,031,804902,2
362,965,17,031,804902,3
471,1306,17,031,804902,4
292,788,17,031,804902,5
452,1026,17,031,805001,1
394,1105,17,031,805001,2
623,1765,17,031,805001,3
407,1089,17,031,805001,4
723,1886,17,031,805002,1
1058,1948,17,031,805002,2
624,1496,17,031,805002,3
1088,2249,17,031,824507,1
730,1835,17,031,824507,2
986,2056,17,031,824508,1
924,1643,17,031,824508,2
390,947,17,031,824509,1
311,939,17,031,824509,2
794,2247,17,031,824509,3
413,1174,17,031,824601,1
451,1111,17,031,824601,2
347,726,17,031,824601,3
517,1381,17,031,824601,4
566,1429,17,031,824602,1
637,1564,17,031,824602,2
698,1534,17,031,824602,3
263,701,17,031,824602,4
413,1010,17,031,824602,5
732,1829,17,031,824701,1
359,1037,17,031,824701,2
332,912,17,031,824701,3
553,1390,17,031,824702,1
618,1584,17,031,824702,2
870,2398,17,031,824702,3
558,1665,17,031,824800,1
662,2013,17,031,824800,2
585,1712,17,031,824800,3
590,1788,17,031,824800,4
489,1244,17,031,824900,1
654,1915,17,031,824900,2
725,1741,17,031,825000,1
706,1449,17,031,825000,2
591,1576,17,031,825000,3
241,690,17,031,825200,1
448,1187,17,031,161200,1
449,1046,17,031,161000,2
410,920,17,031,161100,1
422,1020,17,031,161100,2
621,1633,17,031,161200,2
285,637,17,031,161300,1
587,1022,17,031,161300,2
332,906,17,031,161300,3
596,1300,17,031,161300,4
1130,1872,17,031,170100,1
390,1103,17,031,170200,1
520,1556,17,031,170200,2
406,1142,17,031,170200,3
341,797,17,031,170300,1
351,968,17,031,170300,2
313,902,17,031,170300,3
377,1050,17,031,170300,4
564,1499,17,031,170300,5
322,903,17,031,170400,1
429,1041,17,031,170400,2
427,1154,17,031,170400,3
395,1043,17,031,170400,4
694,1712,17,031,170500,1
280,738,17,031,170500,2
540,1433,17,031,170500,3
554,1433,17,031,170500,4
362,954,17,031,170600,1
615,1597,17,031,170600,2
375,1021,17,031,170700,1
367,925,17,031,170700,2
445,1122,17,031,170700,3
491,1238,17,031,170800,1
454,1227,17,031,170800,2
507,1334,17,031,170800,3
656,1662,17,031,170900,1
515,1345,17,031,171000,1
521,1416,17,031,171000,2
336,909,17,031,171000,3
409,1158,17,031,171000,4
482,1205,17,031,171000,5
451,1267,17,031,171000,6
355,748,17,031,480400,6
450,1060,17,031,480400,3
384,797,17,031,480400,4
259,612,17,031,480400,5
378,812,17,031,480400,7
437,1112,17,031,480500,1
398,865,17,031,480500,2
446,1009,17,031,480500,3
567,1136,17,031,490200,1
409,887,17,031,490200,2
472,1017,17,031,490200,3
330,715,17,031,490500,1
512,1085,17,031,490500,2
611,1443,17,031,490600,1
319,815,17,031,490700,1
236,584,17,031,490700,2
510,1257,17,031,490700,3
350,755,17,031,490800,1
337,719,17,031,490800,2
358,794,17,031,490800,3
271,599,17,031,490800,4
279,635,17,031,490800,5
800,1420,17,031,490901,1
515,1000,17,031,490901,2
487,964,17,031,490901,3
370,856,17,031,490902,1
895,1796,17,031,490902,2
541,1233,17,031,490902,3
343,762,17,031,490902,4
372,846,17,031,491000,1
382,871,17,031,491000,2
542,1211,17,031,491000,3
362,879,17,031,491000,4
241,593,17,031,491100,1
286,692,17,031,491100,2
296,753,17,031,491100,3
397,969,17,031,491100,4
442,1024,17,031,837400,2
511,1275,17,031,837300,1
417,975,17,031,837300,2
467,873,17,031,837400,1
767,1544,17,031,837800,1
155,309,17,031,838200,2
593,1230,17,031,838300,1
1261,1330,17,031,838300,2
342,742,17,031,838600,1
268,635,17,031,838600,2
790,1798,17,031,838700,1
445,1051,17,031,838700,2
294,626,17,031,838700,3
327,640,17,031,838700,4
215,583,17,031,838800,1
1081,2489,17,031,838800,2
2250,3146,17,031,839000,1
3092,4290,17,031,839000,2
859,1334,17,031,839000,3
697,942,17,031,839000,4
3984,4894,17,031,839100,1
1677,2102,17,031,839100,2
762,1120,17,031,839200,1
1103,1622,17,031,839200,2
963,1482,17,031,839500,1
523,736,17,031,839600,1
441,969,17,031,839600,2
582,1339,17,031,839700,1
705,1445,17,031,839700,2
848,1761,17,031,839700,3
369,739,17,031,839800,1
526,1186,17,031,839800,2
387,761,17,031,839800,3
507,1146,17,031,837800,2
456,940,17,031,838000,1
972,1711,17,031,838000,2
16,18,17,031,838100,1
1259,1748,17,031,838100,2
417,753,17,031,838200,1
476,1498,17,031,803500,4
369,859,17,031,803500,1
375,967,17,031,803500,2
800,1441,17,031,803500,3
363,990,17,031,803500,5
820,2015,17,031,803603,1
398,1087,17,031,803603,2
910,2618,17,031,803603,3
397,1091,17,031,803603,4
602,1023,17,031,803604,1
510,1156,17,031,803604,2
460,1095,17,031,828507,1
450,1127,17,031,803604,3
331,839,17,031,803604,4
579,1603,17,031,803605,1
474,1176,17,031,803605,2
498,1317,17,031,803605,3
332,776,17,031,803605,4
844,2122,17,031,803605,5
304,827,17,031,803607,1
346,882,17,031,803607,2
795,1972,17,031,803607,3
409,1134,17,031,803607,4
861,2464,17,031,803608,1
1183,2841,17,031,803608,2
1067,2239,17,031,803608,3
362,770,17,031,803611,1
419,1341,17,031,803611,2
473,1396,17,031,803611,3
361,678,17,031,803611,4
580,1513,17,031,803611,5
830,2416,17,031,803612,1
711,1395,17,031,803612,2
715,1558,17,031,828300,2
633,1282,17,031,828202,3
470,973,17,031,828202,4
817,1792,17,031,828300,1
378,848,17,031,828401,1
382,964,17,031,828401,2
321,691,17,031,828401,3
494,1083,17,031,828401,4
517,1040,17,031,828402,1
692,1534,17,031,828402,2
632,1068,17,031,828402,3
476,1297,17,031,828503,1
564,1369,17,031,828503,2
308,734,17,031,828503,3
325,900,17,031,828503,4
867,2174,17,031,828504,1
405,1122,17,031,828504,2
296,812,17,031,828504,3
467,1327,17,031,828504,4
455,981,17,031,828505,1
408,943,17,031,828505,2
304,773,17,031,828505,3
421,1176,17,031,828505,4
1027,2796,17,031,828505,5
1013,2894,17,031,828507,2
427,962,17,031,828508,1
365,829,17,031,828508,2
662,1258,17,031,828508,3
640,1581,17,031,828508,4
368,910,17,031,828601,1
420,1111,17,031,828601,2
309,789,17,031,828601,3
613,1388,17,031,828601,4
1333,2350,17,031,833100,2
2050,2996,17,031,833000,1
1602,2560,17,031,833000,2
1009,1966,17,031,833100,1
1346,2578,17,031,833100,3
2148,2572,17,031,833100,4
1530,2912,17,031,833300,1
546,1257,17,031,833900,1
488,1061,17,031,833900,2
1141,2784,17,031,834000,1
345,776,17,031,834000,2
778,1411,17,031,834200,1
516,1049,17,031,834200,2
852,1459,17,031,834200,3
376,749,17,031,834200,4
582,1253,17,031,834300,1
884,1646,17,031,834300,2
267,551,17,031,834300,3
264,611,17,031,834300,4
525,1089,17,031,834300,5
473,1089,17,031,834300,6
459,799,17,031,834400,1
685,1347,17,031,834400,2
790,1606,17,031,834400,3
695,1765,17,031,834500,1
633,1152,17,031,834600,1
514,1161,17,031,834600,2
279,480,17,031,834700,1
275,566,17,031,834700,2
354,690,17,031,834700,3
298,484,17,031,834800,1
439,751,17,031,834800,2
244,440,17,031,834800,3
243,579,17,031,834900,1
683,1373,17,031,834900,2
400,1137,17,031,835000,1
417,1065,17,031,835000,2
492,1548,17,031,835000,3
586,1618,17,031,835000,4
299,825,17,031,250500,5
571,1406,17,031,250500,2
331,887,17,031,250500,3
355,965,17,031,250500,4
429,827,17,031,250500,6
491,1139,17,031,250500,7
353,913,17,031,251500,1
263,857,17,031,251500,2
416,900,17,031,251500,3
710,1647,17,031,251500,4
520,1278,17,031,251600,1
409,1036,17,031,251600,2
806,1731,17,031,826500,1
474,1298,17,031,826402,3
395,945,17,031,826402,4
315,698,17,031,826402,5
313,762,17,031,826500,2
584,1476,17,031,826500,3
632,1641,17,031,826500,4
460,973,17,031,826600,1
436,1023,17,031,826600,2
619,1319,17,031,826600,3
311,693,17,031,826600,4
261,587,17,031,826600,5
582,1233,17,031,826700,1
836,1561,17,031,826700,2
365,841,17,031,826700,3
414,938,17,031,826700,4
369,1081,17,031,826800,1
333,961,17,031,250600,1
396,1101,17,031,250600,2
401,1096,17,031,250600,3
364,1045,17,031,250600,4
492,1194,17,031,250700,1
530,1125,17,031,250700,2
408,998,17,031,250700,3
442,1100,17,031,250700,4
599,1515,17,031,250700,5
505,1260,17,031,250800,1
438,1172,17,031,250800,2
473,1075,17,031,251000,1
557,1037,17,031,251100,1
462,1113,17,031,251100,2
367,914,17,031,251100,3
513,1400,17,031,251100,4
274,722,17,031,251200,1
319,728,17,031,251200,2
329,906,17,031,251200,3
465,1554,17,031,251200,4
427,1126,17,031,251300,1
316,803,17,031,251300,2
328,807,17,031,251300,3
381,991,17,031,251300,4
510,1347,17,031,251300,5
289,684,17,031,251400,1
256,699,17,031,251400,2
632,1369,17,031,251400,3
685,1226,17,031,251400,4
816,1614,17,031,826800,2
509,1050,17,031,826800,3
354,851,17,031,826800,4
671,1462,17,031,826901,1
210,502,17,031,826902,1
294,753,17,031,826902,2
565,1209,17,031,827000,1
338,801,17,031,827000,2
397,958,17,031,827000,3
366,753,17,031,827100,1
282,741,17,031,827100,2
336,771,17,031,827100,3
680,1505,17,031,827200,1
299,674,17,031,827200,2
347,797,17,031,827200,3
274,717,17,031,827200,4
264,475,17,031,827300,1
385,771,17,031,827300,2
444,1031,17,031,827300,3
222,563,17,031,827400,1
379,847,17,031,827400,2
278,691,17,031,827400,3
618,933,17,031,827400,4
466,1298,17,031,827500,1
521,1294,17,031,842100,1
1116,2183,17,031,841900,2
320,638,17,031,842000,1
140,319,17,031,842000,2
410,1061,17,031,842100,2
361,1019,17,031,842100,3
444,1164,17,031,842100,4
401,1137,17,031,842100,5
323,965,17,031,842100,6
2890,4212,17,031,842200,1
779,1480,17,031,842300,1
1079,1935,17,031,842300,2
229,438,17,031,842400,1
1241,2603,17,031,842400,2
986,2644,17,031,842500,1
534,1403,17,031,842600,1
353,909,17,031,842600,2
371,881,17,031,842600,3
450,1044,17,031,842600,4
391,1212,17,031,842800,1
425,1414,17,031,842800,2
378,1135,17,031,842800,3
336,1116,17,031,842800,4
485,1338,17,031,842800,5
445,1422,17,031,842800,6
1391,2466,17,031,842900,1
846,1639,17,031,843000,1
504,1186,17,031,843000,2
403,924,17,031,843100,1
317,701,17,031,843100,2
589,1342,17,031,843200,1
507,1068,17,031,843200,2
762,1346,17,031,843300,1
633,1524,17,031,843400,1
351,1082,17,031,843500,1
761,1504,17,031,843600,1
824,1585,17,031,843600,2
273,741,17,031,817000,1
284,761,17,031,817000,2
402,1047,17,031,817000,3
522,1496,17,031,817000,4
461,1383,17,031,817000,5
416,955,17,031,817101,1
464,1254,17,031,817101,2
560,1298,17,031,817101,3
411,1056,17,031,817101,4
418,1136,17,031,817102,1
310,908,17,031,817102,2
398,1114,17,031,817102,3
558,1580,17,031,817200,1
337,1011,17,031,817200,2
481,1307,17,031,817200,3
369,923,17,031,817200,4
974,2799,17,031,817300,1
300,832,17,031,817400,1
397,1261,17,031,817400,2
489,1549,17,031,817400,3
380,818,17,031,817500,1
412,845,17,031,817500,2
372,908,17,031,817500,3
668,1740,17,031,816700,2
728,1646,17,031,816800,1
652,1756,17,031,816800,2
400,1077,17,031,816800,3
344,1005,17,031,816800,4
373,1186,17,031,816900,1
486,1427,17,031,816900,2
412,1213,17,031,816900,3
566,1720,17,031,816900,4
994,1647,17,031,390300,2
742,1404,17,031,390400,1
1082,1459,17,031,390400,2
875,1660,17,031,390500,1
411,862,17,031,390600,1
547,1125,17,031,390600,2
1398,1872,17,031,390700,1
868,1480,17,031,390700,2
611,1581,17,031,827600,2
751,2108,17,031,827500,2
436,1023,17,031,827500,3
295,835,17,031,827600,1
238,596,17,031,827600,3
657,1530,17,031,827700,1
378,922,17,031,827700,2
480,1322,17,031,827801,1
700,1863,17,031,827801,2
492,1231,17,031,827801,3
1459,2187,17,031,351000,3
668,1512,17,031,350400,1
320,517,17,031,351000,1
610,936,17,031,351000,2
1,10,17,031,351100,1
921,2028,17,031,351100,2
779,1363,17,031,351400,1
77,128,17,031,351500,1
306,689,17,031,351500,2
801,1651,17,031,360200,1
1217,2206,17,031,380100,1
1296,2408,17,031,380200,1
395,804,17,031,380600,1
489,1036,17,031,380600,2
806,1438,17,031,380600,3
265,645,17,031,380600,4
371,677,17,031,381200,1
794,1400,17,031,381200,2
866,1796,17,031,381400,1
397,667,17,031,381500,1
0,0,17,031,381700,1
494,911,17,031,381800,1
333,522,17,031,381800,2
317,519,17,031,381900,1
312,587,17,031,381900,2
714,1553,17,031,390100,1
525,964,17,031,390200,1
407,894,17,031,390200,2
517,854,17,031,390300,1
530,1555,17,031,827802,1
668,1758,17,031,827802,2
488,1284,17,031,827804,1
304,804,17,031,827804,2
401,1059,17,031,827804,3
364,961,17,031,827805,1
452,1227,17,031,827805,2
298,754,17,031,827805,3
321,819,17,031,827901,1
568,1441,17,031,827901,2
481,1130,17,031,827902,1
554,1319,17,031,827902,2
457,1218,17,031,827902,3
370,891,17,031,827902,4
444,1266,17,031,828000,1
364,1014,17,031,828000,2
798,1525,17,031,828000,3
557,1443,17,031,828000,4
344,947,17,031,828100,1
696,1414,17,031,828100,2
380,989,17,031,828100,3
406,979,17,031,828100,4
331,754,17,031,828100,5
1142,2497,17,031,828201,1
346,912,17,031,828201,2
389,1078,17,031,828201,3
419,1244,17,031,828202,1
475,1079,17,031,828202,2
348,868,17,031,805402,5
400,988,17,031,805402,2
364,1016,17,031,805402,3
627,1614,17,031,805402,4
518,997,17,031,805501,1
619,1374,17,031,805501,2
524,1343,17,031,805501,3
371,1069,17,031,805502,1
289,903,17,031,805502,2
615,1299,17,031,805502,3
446,1014,17,031,805502,4
478,1476,17,031,805600,1
498,1348,17,031,805600,2
333,993,17,031,805600,3
308,893,17,031,805600,4
398,1280,17,031,805701,1
262,679,17,031,805701,2
457,1303,17,031,805701,3
658,1114,17,031,805701,4
366,1109,17,031,805701,5
448,1215,17,031,805702,1
348,864,17,031,805702,2
326,874,17,031,805801,1
338,940,17,031,805801,2
416,766,17,031,805801,3
439,957,17,031,805802,1
321,928,17,031,805802,2
470,1247,17,031,805802,3
409,1020,17,031,805802,4
367,901,17,031,805802,5
586,1302,17,031,805901,1
907,1614,17,031,805901,2
492,1297,17,031,805901,3
362,849,17,031,805902,1
446,1185,17,031,805902,2
381,1073,17,031,805902,3
348,931,17,031,805902,4
300,875,17,031,805902,5
492,1319,17,031,805902,6
433,1131,17,031,806001,1
620,1450,17,031,100100,4
538,1284,17,031,100100,1
776,1670,17,031,100100,2
506,1125,17,031,100100,3
555,1154,17,031,100200,1
330,914,17,031,100200,2
396,1033,17,031,100200,3
430,809,17,031,100200,4
583,1195,17,031,100200,5
385,873,17,031,100200,6
338,872,17,031,100200,7
443,1169,17,031,100300,1
646,1217,17,031,100300,2
322,829,17,031,100300,3
433,873,17,031,100300,4
395,986,17,031,100300,5
650,989,17,031,100300,6
349,918,17,031,100400,1
332,864,17,031,100400,2
580,1420,17,031,100400,3
444,1050,17,031,100500,1
301,826,17,031,100500,2
340,944,17,031,100500,3
500,1292,17,031,100500,4
762,1986,17,031,100500,5
429,1052,17,031,100600,1
424,1080,17,031,100600,2
462,1192,17,031,100600,3
661,1573,17,031,100600,4
326,830,17,031,100700,1
359,879,17,031,100700,2
378,1041,17,031,100700,3
362,925,17,031,100700,4
529,1283,17,031,100700,5
709,1654,17,031,110100,1
501,1154,17,031,110100,2
272,672,17,031,110100,3
446,993,17,031,110100,4
451,1095,17,031,110100,5
669,1553,17,031,110200,1
350,1026,17,031,806002,1
1193,2178,17,031,806001,2
872,1819,17,031,806001,3
256,683,17,031,806001,4
1023,2482,17,031,806002,2
415,1251,17,031,806002,3
437,1107,17,031,806002,4
756,1694,17,031,806002,5
864,1837,17,031,806004,1
1172,2687,17,031,806004,2
567,1734,17,031,806004,3
403,1112,17,031,806004,4
672,1874,17,031,806005,1
583,1384,17,031,806005,2
839,1377,17,031,806006,1
308,975,17,031,806006,2
382,1537,17,031,806006,3
284,996,17,031,806006,4
1076,2099,17,031,806102,1
379,1083,17,031,806102,2
455,1101,17,031,806102,3
645,1636,17,031,806103,1
343,932,17,031,806103,2
491,1350,17,031,806103,3
503,1342,17,031,806103,4
899,1221,17,031,806104,1
530,1000,17,031,806104,2
730,1700,17,031,806104,3
1443,2714,17,031,806201,1
1196,2194,17,031,806201,2
526,967,17,031,806202,1
1011,1995,17,031,806202,2
1351,2036,17,031,806202,3
359,896,17,031,806300,1
531,1091,17,031,681200,3
194,504,17,031,681100,5
503,954,17,031,681200,1
154,302,17,031,681200,2
425,860,17,031,681300,1
362,722,17,031,681300,2
333,600,17,031,681300,3
239,469,17,031,681400,1
302,623,17,031,681400,2
388,804,17,031,681400,3
272,574,17,031,681400,4
336,730,17,031,690300,1
615,1201,17,031,690300,2
421,729,17,031,690400,1
551,1098,17,031,690400,2
438,754,17,031,690400,3
449,768,17,031,690400,4
479,992,17,031,690500,1
330,691,17,031,690900,1
295,633,17,031,690900,2
489,882,17,031,690900,3
452,863,17,031,690900,4
673,1181,17,031,690900,5
366,702,17,031,691000,1
363,687,17,031,691000,2
300,637,17,031,691000,3
330,641,17,031,691000,4
337,611,17,031,691100,1
330,654,17,031,691100,2
367,604,17,031,691100,3
557,995,17,031,691100,4
591,1131,17,031,691200,1
356,598,17,031,691200,2
291,548,17,031,691200,3
573,1262,17,031,691300,1
586,1112,17,031,691300,2
357,586,17,031,691400,1
344,735,17,031,691400,2
278,684,17,031,691400,3
306,612,17,031,691400,4
898,2192,17,031,822400,3
388,1092,17,031,822302,4
478,1478,17,031,822400,1
630,1876,17,031,822400,2
291,816,17,031,822400,4
349,998,17,031,822500,1
339,910,17,031,822500,2
359,1328,17,031,804404,1
340,1204,17,031,804404,2
543,1593,17,031,804404,3
323,965,17,031,804404,4
611,2099,17,031,804405,1
500,1416,17,031,804405,2
750,2640,17,031,804406,1
610,2014,17,031,804406,2
729,1638,17,031,804406,3
378,1048,17,031,804505,1
481,1057,17,031,804505,2
900,1865,17,031,804505,3
420,1240,17,031,804506,1
422,1213,17,031,804506,2
986,2691,17,031,804506,3
893,2343,17,031,804508,1
381,1287,17,031,804509,1
386,1325,17,031,804509,2
427,1495,17,031,804509,3
468,1779,17,031,804509,4
343,1246,17,031,804510,1
260,1066,17,031,804510,2
640,2313,17,031,804510,3
339,1124,17,031,813801,3
324,1120,17,031,813702,4
250,843,17,031,813801,1
273,889,17,031,813801,2
318,1071,17,031,813802,1
381,1145,17,031,813802,2
381,1257,17,031,813802,3
524,1485,17,031,813802,4
516,1734,17,031,813900,1
397,1325,17,031,813900,2
318,1100,17,031,813900,3
344,1177,17,031,813900,4
341,1146,17,031,813900,5
451,1301,17,031,814000,1
343,1240,17,031,814000,2
349,1085,17,031,814000,3
322,1071,17,031,814000,4
715,2295,17,031,814100,1
440,1441,17,031,814100,2
314,947,17,031,814100,3
439,1409,17,031,814200,1
277,832,17,031,814200,2
443,1245,17,031,804403,1
935,2446,17,031,804315,1
1064,3021,17,031,804316,1
629,2006,17,031,804316,2
743,1894,17,031,804403,2
434,1325,17,031,804403,3
1195,2833,17,031,804403,4
409,1191,17,031,822500,3
310,1247,17,031,804510,4
347,1012,17,031,804511,1
474,1414,17,031,804511,2
623,1508,17,031,804512,1
924,2487,17,031,804512,2
346,1092,17,031,804513,1
340,850,17,031,815600,4
361,981,17,031,815600,1
482,1165,17,031,815600,2
578,1289,17,031,815600,3
490,1243,17,031,815600,5
440,1166,17,031,815701,1
286,828,17,031,815701,2
423,1142,17,031,815701,3
427,988,17,031,815701,4
244,712,17,031,815702,1
537,1215,17,031,815702,2
594,1596,17,031,815702,3
381,748,17,031,815702,4
458,1016,17,031,815702,5
646,1517,17,031,815800,1
715,1147,17,031,815900,1
1280,1735,17,031,815900,2
1229,1891,17,031,815900,3
622,1264,17,031,816000,1
649,1068,17,031,816000,2
579,944,17,031,816000,3
322,702,17,031,816100,1
552,1209,17,031,816100,2
420,844,17,031,816100,3
507,950,17,031,816100,4
659,1239,17,031,816100,5
635,1095,17,031,816100,6
932,1812,17,031,816200,1
297,847,17,031,816200,2
517,1504,17,031,816200,3
326,929,17,031,816300,1
513,1582,17,031,816300,2
466,1198,17,031,816300,3
372,1069,17,031,816300,4
437,1298,17,031,816401,1
315,918,17,031,816401,2
388,1189,17,031,816401,3
410,1239,17,031,816401,4
413,1337,17,031,816402,1
393,1262,17,031,816402,2
440,1349,17,031,821700,3
244,729,17,031,821700,1
486,1077,17,031,821700,2
293,820,17,031,821700,4
385,884,17,031,821700,5
583,1349,17,031,822500,4
627,1696,17,031,822601,1
757,2054,17,031,822601,2
395,1043,17,031,822601,3
530,1490,17,031,822602,1
1134,2881,17,031,822602,2
469,899,17,031,822602,3
919,2024,17,031,822602,4
994,1468,17,031,822701,1
506,1329,17,031,822701,2
285,819,17,031,822701,3
411,822,17,031,822701,4
1015,2300,17,031,822702,1
266,718,17,031,822702,2
397,810,17,031,822702,3
1036,2014,17,031,822801,1
453,1244,17,031,822801,2
653,1707,17,031,822802,1
389,1004,17,031,822802,2
364,958,17,031,822802,3
766,2078,17,031,822900,1
762,1510,17,031,823001,1
487,1068,17,031,823001,2
357,890,17,031,823001,3
490,1030,17,031,823001,4
749,1827,17,031,823001,5
519,1395,17,031,823002,1
458,1204,17,031,823002,2
857,1914,17,031,823002,3
566,1479,17,031,823002,4
506,1091,17,031,823101,1
341,876,17,031,823101,2
379,1328,17,031,814200,3
538,1765,17,031,814200,4
368,1231,17,031,814200,5
339,1098,17,031,814200,6
642,2203,17,031,814300,1
810,2487,17,031,814300,2
330,1126,17,031,814400,1
337,1172,17,031,814400,2
417,1427,17,031,814400,3
419,1303,17,031,814400,4
616,1809,17,031,814400,5
306,943,17,031,814400,6
605,2010,17,031,814500,1
457,1425,17,031,814500,2
513,1584,17,031,814500,3
462,1219,17,031,814600,1
404,1226,17,031,814600,2
349,1097,17,031,814600,3
342,1044,17,031,814600,4
211,632,17,031,829700,1
527,1299,17,031,829600,1
310,792,17,031,829600,2
417,944,17,031,829600,3
383,967,17,031,829700,2
669,1745,17,031,829700,3
952,2262,17,031,829800,1
304,835,17,031,829800,2
315,768,17,031,829800,3
493,1360,17,031,829800,4
695,1666,17,031,829800,5
493,1194,17,031,829902,1
743,1912,17,031,829902,2
887,2225,17,031,829902,3
622,1120,17,031,829902,4
769,2122,17,031,829903,1
294,841,17,031,829903,2
543,1566,17,031,829903,3
1323,2201,17,031,829904,1
308,586,17,031,829904,2
469,1381,17,031,829904,3
440,780,17,031,830001,1
765,1652,17,031,830001,2
619,1725,17,031,830003,1
516,1447,17,031,830003,2
752,2069,17,031,830003,3
887,2383,17,031,830003,4
605,1396,17,031,830004,1
463,1229,17,031,830004,2
1086,1539,17,031,031200,4
778,1223,17,031,031200,1
620,1249,17,031,031200,2
844,1203,17,031,031200,3
638,987,17,031,031300,1
741,2115,17,031,830004,3
987,2667,17,031,830004,4
837,1786,17,031,830005,1
717,1768,17,031,830005,2
785,1573,17,031,830006,1
395,952,17,031,830006,2
446,1148,17,031,830007,1
351,880,17,031,821800,1
362,999,17,031,821800,2
240,699,17,031,821800,3
464,995,17,031,821800,4
353,1024,17,031,821800,5
277,787,17,031,821800,6
366,926,17,031,821900,1
353,965,17,031,821900,2
505,1285,17,031,821900,3
256,691,17,031,821900,4
457,1187,17,031,821900,5
344,779,17,031,822000,1
283,719,17,031,822000,2
585,1074,17,031,822000,3
384,906,17,031,822000,4
349,865,17,031,822000,5
463,1308,17,031,822101,1
434,1275,17,031,822101,2
475,1017,17,031,822101,3
361,1006,17,031,822101,4
474,980,17,031,822102,1
742,1578,17,031,822102,2
554,1145,17,031,822102,3
383,745,17,031,822102,4
661,1928,17,031,822200,1
360,1081,17,031,822200,2
341,920,17,031,822200,3
366,1119,17,031,822301,1
306,1009,17,031,822301,2
286,869,17,031,822301,3
398,1091,17,031,822301,4
491,1202,17,031,822302,1
344,832,17,031,822302,2
429,1166,17,031,822302,3
710,1593,17,031,020801,4
365,1161,17,031,020802,1
704,2059,17,031,020802,2
854,2677,17,031,020802,3
555,1632,17,031,020802,4
894,2355,17,031,020901,1
376,911,17,031,020901,2
942,2545,17,031,020901,3
886,1875,17,031,020902,1
841,2097,17,031,020902,2
627,869,17,031,030101,1
380,544,17,031,030101,2
698,1005,17,031,030101,3
856,1269,17,031,030101,4
663,995,17,031,030102,1
878,1090,17,031,030102,2
676,1022,17,031,030102,3
431,636,17,031,030103,1
776,932,17,031,030103,2
857,1190,17,031,030104,1
380,561,17,031,030104,2
1049,1840,17,031,030200,1
612,2095,17,031,804309,1
330,941,17,031,804309,2
683,2238,17,031,804312,1
1063,3185,17,031,804313,1
494,1262,17,031,804313,2
709,1907,17,031,804313,3
748,1635,17,031,804314,1
404,1230,17,031,806801,3
251,705,17,031,806801,4
289,881,17,031,806802,1
589,1592,17,031,806802,2
349,972,17,031,806802,3
406,1103,17,031,806900,1
1108,2169,17,031,806900,2
983,2053,17,031,806900,3
1016,2695,17,031,807000,1
521,1300,17,031,807000,2
380,1136,17,031,807000,3
278,601,17,031,807000,4
275,848,17,031,807100,1
571,1573,17,031,807100,2
531,1548,17,031,807100,3
347,987,17,031,807200,1
740,2227,17,031,807200,2
348,1041,17,031,807200,3
364,856,17,031,806300,5
296,718,17,031,806300,2
272,713,17,031,806300,3
312,824,17,031,806300,4
278,680,17,031,806300,6
543,1397,17,031,806400,1
401,1095,17,031,806400,2
381,1295,17,031,806501,1
431,1362,17,031,806501,2
358,960,17,031,806502,1
281,814,17,031,806502,2
407,1103,17,031,806502,3
489,1325,17,031,806502,4
693,1928,17,031,806600,1
640,1656,17,031,806600,2
615,1397,17,031,806700,1
407,1245,17,031,806700,2
365,1046,17,031,806700,3
256,790,17,031,806700,4
391,778,17,031,806801,1
493,1193,17,031,806801,2
308,884,17,031,807200,4
310,906,17,031,807200,5
761,1932,17,031,823702,3
449,954,17,031,823605,3
944,2115,17,031,823702,1
907,2172,17,031,823702,2
333,831,17,031,823702,4
400,1405,17,031,823703,1
1001,2507,17,031,823703,2
917,2207,17,031,823703,3
984,2540,17,031,823703,4
388,1156,17,031,823704,1
601,1783,17,031,823704,2
438,1247,17,031,823704,3
524,1387,17,031,823705,1
239,693,17,031,823705,2
401,853,17,031,823705,3
606,1658,17,031,823705,4
968,2830,17,031,823801,1
1221,2044,17,031,823801,2
358,881,17,031,823801,3
827,2146,17,031,823803,1
418,1291,17,031,823803,2
970,2108,17,031,823803,3
523,1448,17,031,823803,4
580,1220,17,031,823805,1
288,591,17,031,823805,2
630,1378,17,031,823805,3
408,1127,17,031,823806,1
470,931,17,031,823806,2
396,869,17,031,823806,3
497,919,17,031,823806,4
868,2056,17,031,823901,1
661,1350,17,031,823901,2
565,1217,17,031,823903,1
362,982,17,031,823903,2
366,1014,17,031,823903,3
474,1290,17,031,823903,4
277,687,17,031,823904,1
305,843,17,031,823904,2
304,822,17,031,823904,3
927,1691,17,031,823904,4
510,1395,17,031,710400,5
472,1041,17,031,710400,2
391,856,17,031,710400,3
251,676,17,031,710400,4
366,887,17,031,710400,6
590,1140,17,031,710500,1
700,1230,17,031,710500,2
294,617,17,031,710500,3
405,1007,17,031,710500,4
399,825,17,031,710600,1
448,881,17,031,710600,2
342,601,17,031,710700,1
350,800,17,031,710700,2
471,984,17,031,710700,3
439,959,17,031,710700,4
287,565,17,031,710800,1
381,712,17,031,710800,2
376,870,17,031,710800,3
509,1012,17,031,710800,4
408,804,17,031,710800,5
428,841,17,031,710800,6
362,664,17,031,710900,1
508,1278,17,031,710900,2
400,847,17,031,711000,1
645,1431,17,031,711000,2
346,780,17,031,711000,3
387,883,17,031,711100,1
388,878,17,031,711100,2
345,738,17,031,711100,3
597,1177,17,031,711200,1
481,964,17,031,711200,2
266,674,17,031,711200,3
788,1872,17,031,711200,4
298,604,17,031,711300,1
362,858,17,031,711300,2
307,801,17,031,711400,1
337,907,17,031,711400,2
316,681,17,031,711400,3
426,1040,17,031,711500,1
511,1332,17,031,711500,2
345,939,17,031,720100,1
575,1157,17,031,825803,4
686,1453,17,031,825803,1
311,842,17,031,825803,2
371,972,17,031,825803,3
792,1478,17,031,825803,5
409,1071,17,031,825900,1
451,1148,17,031,825900,2
403,1077,17,031,825900,3
365,644,17,031,826000,1
396,1038,17,031,826000,2
410,968,17,031,826000,3
468,1029,17,031,826100,1
300,773,17,031,826100,2
915,2088,17,031,808302,2
449,1265,17,031,808301,3
412,1230,17,031,808301,4
469,1474,17,031,808302,1
269,757,17,031,808302,3
643,1942,17,031,808400,1
313,896,17,031,808400,2
638,1784,17,031,808400,3
451,1356,17,031,808500,1
321,918,17,031,808500,2
341,958,17,031,808500,3
363,1007,17,031,808500,4
407,1203,17,031,808600,1
561,1242,17,031,808600,2
455,785,17,031,808702,1
36,74,17,031,808702,2
57,158,17,031,808702,3
887,1833,17,031,808800,1
810,2313,17,031,824119,3
723,1748,17,031,824119,1
565,1395,17,031,824119,2
636,1770,17,031,824121,1
608,1368,17,031,824121,2
755,1731,17,031,824122,1
1004,2494,17,031,824122,2
626,1974,17,031,824122,3
535,1196,17,031,826100,3
313,892,17,031,826100,4
339,842,17,031,826100,5
486,1189,17,031,826100,6
301,634,17,031,826201,1
252,598,17,031,826201,2
741,1100,17,031,826201,3
1084,1297,17,031,826201,4
603,1598,17,031,826202,1
321,725,17,031,826202,2
547,1402,17,031,826202,3
241,599,17,031,826202,4
554,1386,17,031,826202,5
555,1352,17,031,826301,1
508,1462,17,031,826301,2
438,1098,17,031,826301,3
324,880,17,031,826303,1
295,836,17,031,826303,2
375,1035,17,031,826303,3
465,1308,17,031,826303,4
447,967,17,031,826304,1
342,823,17,031,826304,2
598,1072,17,031,826304,3
675,1821,17,031,826401,1
807,1843,17,031,826401,2
335,820,17,031,826402,1
357,886,17,031,826402,2
776,1816,17,031,808800,2
681,1403,17,031,808900,1
313,803,17,031,808900,2
818,1925,17,031,808900,3
280,688,17,031,809000,1
300,879,17,031,809000,2
472,874,17,031,809000,3
380,1039,17,031,809000,4
645,1312,17,031,809100,1
311,884,17,031,809100,2
566,1118,17,031,809100,3
402,1143,17,031,809200,1
626,1387,17,031,809200,2
391,1355,17,031,809200,3
346,1057,17,031,809200,4
468,962,17,031,809300,1
983,1847,17,031,809300,2
1094,1844,17,031,809300,3
627,1028,17,031,809401,1
868,2101,17,031,823102,1
286,655,17,031,823101,3
355,864,17,031,823101,4
393,1029,17,031,823101,5
592,1541,17,031,823102,2
878,2118,17,031,823200,1
1094,2613,17,031,823200,2
748,1682,17,031,823302,1
932,2236,17,031,823302,2
1005,1797,17,031,823302,3
283,816,17,031,823303,1
348,860,17,031,823303,2
379,886,17,031,823303,3
277,840,17,031,823303,4
431,1179,17,031,823303,5
289,581,17,031,823304,1
480,1056,17,031,823304,2
521,889,17,031,823304,3
531,1002,17,031,823304,4
345,835,17,031,823304,5
524,1509,17,031,823304,6
330,1047,17,031,823400,1
564,1335,17,031,823400,2
308,756,17,031,823400,3
702,1754,17,031,823400,4
421,1209,17,031,823500,1
465,1273,17,031,823500,2
458,1079,17,031,823500,3
344,740,17,031,823500,4
395,1096,17,031,824123,1
903,2203,17,031,824123,2
780,2137,17,031,824123,3
538,1262,17,031,824123,4
346,1055,17,031,824123,5
560,1371,17,031,824124,1
922,2226,17,031,824124,2
768,2250,17,031,824125,1
615,1848,17,031,824125,2
813,2277,17,031,824126,1
1169,3661,17,031,824126,2
804,1830,17,031,824127,1
671,1876,17,031,824127,2
910,1797,17,031,824128,1
944,2841,17,031,824128,2
1020,2353,17,031,824129,1
810,1904,17,031,824129,2
440,1161,17,031,824300,1
716,1678,17,031,824300,2
645,1150,17,031,824300,3
791,1732,17,031,824400,1
430,865,17,031,824503,1
743,1321,17,031,824503,2
463,1161,17,031,824503,3
662,1911,17,031,824503,4
884,1622,17,031,824503,5
650,1856,17,031,824505,1
830,1513,17,031,823602,1
455,1088,17,031,823602,2
995,1815,17,031,823602,3
701,1430,17,031,823602,4
392,1263,17,031,823603,1
301,734,17,031,823603,2
295,727,17,031,823604,1
316,820,17,031,823604,2
811,1962,17,031,823604,3
603,1576,17,031,823605,1
638,1573,17,031,823605,2
429,1231,17,031,151200,2
423,1189,17,031,151100,3
405,1056,17,031,151100,4
441,1231,17,031,151200,1
486,1417,17,031,151200,3
710,1648,17,031,160100,1
326,796,17,031,160100,2
305,626,17,031,160200,1
252,667,17,031,160200,2
263,616,17,031,160200,3
582,1340,17,031,160200,4
1062,1884,17,031,160300,1
475,819,17,031,160300,2
479,998,17,031,160300,3
984,2356,17,031,160400,1
788,1563,17,031,160400,2
413,935,17,031,160400,3
759,1838,17,031,160501,1
725,1865,17,031,160501,2
273,651,17,031,160502,1
694,1500,17,031,160502,2
494,1149,17,031,160502,3
591,1430,17,031,160601,1
310,724,17,031,160601,2
586,1210,17,031,160601,3
487,1062,17,031,160602,1
485,1069,17,031,160602,2
640,1350,17,031,160602,3
342,672,17,031,160700,1
380,932,17,031,160700,2
708,1674,17,031,160700,3
527,1240,17,031,160700,4
429,1071,17,031,160700,5
479,1185,17,031,160800,1
405,917,17,031,160800,2
352,841,17,031,160800,3
282,730,17,031,160800,4
558,1324,17,031,160800,5
619,1342,17,031,160900,1
492,1055,17,031,160900,2
472,852,17,031,161000,1
297,882,17,031,819801,1
770,2221,17,031,819700,2
521,1638,17,031,819700,3
344,1105,17,031,819700,4
318,970,17,031,819801,2
511,1391,17,031,819801,3
274,784,17,031,819801,4
412,1337,17,031,819801,5
457,1305,17,031,819802,1
511,1436,17,031,819802,2
395,1200,17,031,819900,1
477,1292,17,031,819900,2
325,1022,17,031,819900,3
352,1096,17,031,820000,1
377,1134,17,031,820000,2
311,809,17,031,820101,1
629,1626,17,031,820101,2
319,730,17,031,820101,3
339,762,17,031,820101,4
380,1116,17,031,820101,5
826,1288,17,031,820101,6
514,1090,17,031,820101,7
388,946,17,031,820103,1
366,833,17,031,820103,2
492,1289,17,031,820103,3
421,1190,17,031,820103,4
512,1099,17,031,820104,1
485,1130,17,031,820104,2
328,921,17,031,820104,3
570,1303,17,031,820104,4
581,1522,17,031,820202,1
447,830,17,031,820202,2
358,776,17,031,820202,3
532,1512,17,031,820203,1
911,2526,17,031,820203,2
838,1875,17,031,820204,1
488,1190,17,031,530100,1
774,2136,17,031,520500,2
490,1390,17,031,520500,3
843,2530,17,031,520600,1
474,1006,17,031,530100,2
325,734,17,031,530200,1
224,540,17,031,530200,2
213,525,17,031,530200,3
527,1165,17,031,530200,4
456,1164,17,031,530200,5
399,813,17,031,530300,1
307,770,17,031,530300,2
344,858,17,031,530300,3
608,1523,17,031,530300,4
331,841,17,031,530400,1
487,1218,17,031,530400,2
551,1292,17,031,530501,1
536,1102,17,031,530501,2
326,856,17,031,530501,3
520,1248,17,031,530501,4
591,1570,17,031,530502,1
575,1424,17,031,530503,1
769,1907,17,031,530503,2
614,1567,17,031,530503,3
609,1263,17,031,530600,1
337,820,17,031,530600,2
333,691,17,031,530600,3
725,1824,17,031,540101,1
917,2486,17,031,540101,2
749,1620,17,031,030300,1
752,1419,17,031,030200,2
436,1053,17,031,030200,3
654,1278,17,031,030200,4
794,1528,17,031,030300,2
830,1443,17,031,030400,1
594,1154,17,031,030400,2
655,1236,17,031,030500,1
945,1613,17,031,030500,2
924,1645,17,031,030500,3
778,1566,17,031,030500,4
329,749,17,031,540102,1
545,1524,17,031,540102,2
283,665,17,031,540102,3
650,1486,17,031,550100,1
369,918,17,031,550100,2
644,1456,17,031,550100,3
324,784,17,031,550100,4
253,764,17,031,550100,5
692,1610,17,031,550100,6
689,1920,17,031,550200,1
699,1171,17,031,030601,1
469,797,17,031,030601,2
780,1141,17,031,030601,3
613,957,17,031,030603,1
875,1088,17,031,030603,2
925,1231,17,031,030604,1
1125,1618,17,031,030604,2
637,877,17,031,030604,3
1025,1501,17,031,030701,1
699,988,17,031,030702,1
928,1330,17,031,030702,2
551,803,17,031,030703,1
334,414,17,031,030703,2
1099,1821,17,031,030703,3
1389,1634,17,031,030706,1
804,1298,17,031,030706,2
550,942,17,031,030800,1
522,1043,17,031,030800,2
603,1029,17,031,030800,3
593,1130,17,031,030800,4
303,524,17,031,030900,1
479,855,17,031,030900,2
497,902,17,031,030900,3
335,663,17,031,030900,4
524,963,17,031,031000,1
755,1210,17,031,031000,2
1015,1695,17,031,031000,3
1430,2178,17,031,031100,1
639,894,17,031,031100,2
847,1514,17,031,031100,3
572,1803,17,031,300600,2
279,857,17,031,300500,1
763,2386,17,031,300500,2
454,1336,17,031,300600,1
695,2120,17,031,300700,1
459,1317,17,031,300700,2
448,1361,17,031,300700,3
651,1913,17,031,300800,1
784,2223,17,031,300800,2
576,1652,17,031,300900,1
656,1924,17,031,300900,2
345,976,17,031,300900,3
449,1232,17,031,301100,1
435,1091,17,031,301100,2
442,1169,17,031,301200,1
349,860,17,031,301200,2
699,2021,17,031,301200,3
750,2504,17,031,301600,1
766,2483,17,031,301600,2
459,1339,17,031,301701,1
437,1384,17,031,301701,2
472,1556,17,031,301701,3
372,1290,17,031,301702,1
441,1472,17,031,301702,2
397,1359,17,031,301702,3
388,1263,17,031,301801,1
826,2680,17,031,301801,2
261,756,17,031,301802,1
439,1280,17,031,301802,2
394,1328,17,031,301802,3
507,1741,17,031,301803,1
694,2320,17,031,301803,2
327,1046,17,031,301803,3
379,687,17,031,310200,1
438,828,17,031,310200,2
889,1767,17,031,310300,1
664,1375,17,031,310400,1
709,1391,17,031,310500,1
1083,2047,17,031,310600,1
790,1543,17,031,310600,2
946,1886,17,031,310600,3
656,2040,17,031,816500,2
255,791,17,031,816402,3
354,1044,17,031,816402,4
380,1163,17,031,816500,1
378,1040,17,031,816500,3
332,1177,17,031,816600,1
422,1461,17,031,816600,2
607,1880,17,031,816600,3
268,953,17,031,816700,1
945,1299,17,031,031400,1
478,649,17,031,031400,2
810,1106,17,031,031400,3
770,1115,17,031,031400,4
578,865,17,031,031400,5
615,799,17,031,031501,1
970,1954,17,031,031501,2
597,1046,17,031,031501,3
1282,1820,17,031,031502,1
631,970,17,031,031502,2
1108,1775,17,031,031502,3
1191,1827,17,031,031700,1
1049,1566,17,031,031700,2
1057,1558,17,031,031700,3
660,1253,17,031,031700,4
1091,1907,17,031,031800,1
709,1226,17,031,031900,1
654,1217,17,031,031900,2
1149,1775,17,031,032100,1
827,1246,17,031,032100,2
1123,1734,17,031,032100,3
863,1479,17,031,032100,4
641,1105,17,031,032100,5
652,1164,17,031,040100,1
805,1484,17,031,040100,2
414,1071,17,031,040100,3
658,1384,17,031,040201,1
852,1760,17,031,040201,2
791,1498,17,031,040201,3
887,1714,17,031,040201,4
417,882,17,031,040202,1
356,1074,17,031,180100,1
455,1336,17,031,171100,1
503,1683,17,031,171100,2
413,1216,17,031,171100,3
517,1464,17,031,180100,2
463,1291,17,031,180100,3
421,1234,17,031,180100,4
568,1472,17,031,180100,5
850,2320,17,031,190100,1
346,1223,17,031,190200,1
496,1515,17,031,190200,2
502,1590,17,031,190200,3
433,1315,17,031,190200,4
519,1261,17,031,190300,1
532,1547,17,031,190300,2
562,1700,17,031,190300,3
962,1318,17,031,031300,2
289,449,17,031,031300,3
1324,1972,17,031,031300,4
1256,1596,17,031,031300,5
1129,3197,17,031,020601,2
672,1599,17,031,020500,3
347,972,17,031,020500,4
573,1849,17,031,020601,1
528,1633,17,031,020601,3
458,1200,17,031,020602,1
364,1211,17,031,020602,2
410,1261,17,031,020602,3
356,987,17,031,020602,4
397,969,17,031,020701,1
373,908,17,031,020701,2
712,2077,17,031,020702,1
900,2679,17,031,020702,2
670,1815,17,031,020702,3
341,985,17,031,020702,4
699,1581,17,031,020801,1
404,1201,17,031,020801,2
501,1260,17,031,020801,3
410,1230,17,031,190300,4
552,1702,17,031,190401,1
769,2611,17,031,190401,2
774,2270,17,031,190402,1
997,3024,17,031,190402,2
321,1116,17,031,190601,1
337,1124,17,031,190601,2
607,2142,17,031,190601,3
411,1352,17,031,190602,1
521,1947,17,031,190602,2
597,1914,17,031,190602,3
591,1735,17,031,190701,1
419,1237,17,031,190701,2
420,1426,17,031,190702,1
532,1508,17,031,190702,2
664,2018,17,031,190702,3
317,977,17,031,190800,1
369,1074,17,031,190800,2
519,1714,17,031,190800,3
507,1759,17,031,190800,4
461,1305,17,031,190800,5
708,1927,17,031,190900,1
289,935,17,031,191000,1
451,1487,17,031,191000,2
257,796,17,031,191100,1
1110,2326,17,031,804108,2
441,1147,17,031,804109,1
797,1716,17,031,804109,2
663,1564,17,031,804202,1
1234,3038,17,031,804202,2
835,2368,17,031,804202,3
271,823,17,031,804202,4
670,1965,17,031,804203,1
484,1493,17,031,804203,2
823,1999,17,031,804204,1
583,1429,17,031,804204,2
609,1699,17,031,804204,3
501,1624,17,031,804305,1
462,1458,17,031,804305,2
598,1570,17,031,804305,3
981,2300,17,031,804305,4
803,2453,17,031,804306,1
320,1111,17,031,804306,2
287,844,17,031,804306,3
388,1214,17,031,804306,4
1040,2065,17,031,804308,1
802,2243,17,031,804308,2
680,1210,17,031,804308,3
