B19013_001E,state,county,tract,block group
76797,17,031,010100,1
22179,17,031,010100,2
67371,17,031,010100,3
58068,17,031,010201,1
41936,17,031,010201,2
26622,17,031,010201,3
58500,17,031,010201,4
31442,17,031,010202,1
66133,17,031,010202,2
63175,17,031,010300,1
51250,17,031,010300,2
61172,17,031,010300,3
64341,17,031,010300,4
53750,17,031,010400,1
-666666666,17,031,010400,2
-666666666,17,031,010400,3
-666666666,17,031,010501,1
51136,17,031,010501,2
54980,17,031,010501,3
55820,17,031,010502,1
47222,17,031,010502,2
13781,17,031,010503,1
19627,17,031,010503,2
76397,17,031,010600,1
110375,17,031,010600,2
53786,17,031,010600,3
39350,17,031,010600,4
42604,17,031,010701,1
74514,17,031,010701,2
43466,17,031,010702,1
47660,17,031,010702,2
51250,17,031,010702,3
48922,17,031,010702,4
71282,17,031,020100,1
39352,17,031,020100,2
107614,17,031,020200,1
87500,17,031,020200,2
113882,17,031,020200,3
130890,17,031,020200,4
61214,17,031,020301,1
47264,17,031,020301,2
79167,17,031,020301,3
77188,17,031,020302,1
89542,17,031,020302,2
77755,17,031,020302,3
-666666666,17,031,020400,1
54420,17,031,020400,2
63317,17,031,020400,3
38571,17,031,020500,1
67361,17,031,020500,2
31477,17,031,020500,3
-666666666,17,031,020500,4
105177,17,031,020601,1
56303,17,031,020601,2
47596,17,031,020601,3
58674,17,031,020602,1
70528,17,031,020602,2
68446,17,031,020602,3
-666666666,17,031,020602,4
55694,17,031,020701,1
108017,17,031,020701,2
39259,17,031,020702,1
49836,17,031,020702,2
56768,17,031,020702,3
80903,17,031,020702,4
53400,17,031,020801,1
80213,17,031,020801,2
59426,17,031,020801,3
46518,17,031,020801,4
104219,17,031,020802,1
81191,17,031,020802,2
54091,17,031,020802,3
29226,17,031,020802,4
41383,17,031,020901,1
48389,17,031,020901,2
56991,17,031,020901,3
38560,17,031,020902,1
48875,17,031,020902,2
33393,17,031,030101,1
23469,17,031,030101,2
33801,17,031,030101,3
106917,17,031,030101,4
61938,17,031,030102,1
43285,17,031,030102,2
60766,17,031,030102,3
64081,17,031,030103,1
52246,17,031,030103,2
44976,17,031,030104,1
26154,17,031,030104,2
74931,17,031,030200,1
70250,17,031,030200,2
187660,17,031,030200,3
93503,17,031,030200,4
61250,17,031,030300,1
51519,17,031,030300,2
71111,17,031,030400,1
101012,17,031,030400,2
115476,17,031,030500,1
107500,17,031,030500,2
107841,17,031,030500,3
87933,17,031,030500,4
54181,17,031,030601,1
-666666666,17,031,030601,2
35213,17,031,030601,3
51250,17,031,030603,1
44531,17,031,030603,2
57219,17,031,030604,1
68672,17,031,030604,2
16542,17,031,030604,3
40357,17,031,030701,1
67209,17,031,030702,1
57375,17,031,030702,2
-666666666,17,031,030703,1
14253,17,031,030703,2
79861,17,031,030703,3
42264,17,031,030706,1
85689,17,031,030706,2
49185,17,031,030800,1
100292,17,031,030800,2
94375,17,031,030800,3
90378,17,031,030800,4
98214,17,031,030900,1
76417,17,031,030900,2
-666666666,17,031,030900,3
98750,17,031,030900,4
113140,17,031,031000,1
108885,17,031,031000,2
81974,17,031,031000,3
89705,17,031,031100,1
63615,17,031,031100,2
72860,17,031,031100,3
57717,17,031,031200,1
35710,17,031,031200,2
14610,17,031,031200,3
-666666666,17,031,031200,4
40030,17,031,031300,1
59916,17,031,031300,2
93552,17,031,031300,3
62734,17,031,031300,4
58888,17,031,031300,5
79881,17,031,031400,1
79167,17,031,031400,2
64375,17,031,031400,3
82875,17,031,031400,4
74097,17,031,031400,5
24070,17,031,031501,1
44090,17,031,031501,2
47500,17,031,031501,3
49087,17,031,031502,1
40051,17,031,031502,2
20697,17,031,031502,3
59226,17,031,031700,1
72917,17,031,031700,2
74620,17,031,031700,3
80995,17,031,031700,4
76921,17,031,031800,1
78750,17,031,031900,1
102656,17,031,031900,2
74143,17,031,032100,1
73125,17,031,032100,2
77396,17,031,032100,3
31032,17,031,032100,4
119485,17,031,032100,5
94464,17,031,040100,1
66326,17,031,040100,2
114565,17,031,040100,3
108408,17,031,040201,1
61140,17,031,040201,2
91676,17,031,040201,3
105714,17,031,040201,4
-666666666,17,031,040202,1
55465,17,031,040202,2
43160,17,031,040202,3
47524,17,031,040202,4
139500,17,031,040300,1
66711,17,031,040300,2
111964,17,031,040300,3
111944,17,031,040401,1
180938,17,031,040401,2
91940,17,031,040401,3
112578,17,031,040401,4
65703,17,031,040402,1
94091,17,031,040402,2
97188,17,031,040402,3
56086,17,031,040402,4
94677,17,031,040402,5
83314,17,031,040600,1
67656,17,031,040600,2
98000,17,031,040600,3
89583,17,031,040700,1
115824,17,031,040700,2
132386,17,031,040700,3
82083,17,031,040700,4
118500,17,031,040800,1
72482,17,031,040800,2
50500,17,031,040900,1
96167,17,031,040900,2
107778,17,031,050100,1
154844,17,031,050100,2
207824,17,031,050200,1
152569,17,031,050200,2
87250,17,031,050200,3
97917,17,031,050300,1
223345,17,031,050300,2
193621,17,031,050300,3
-666666666,17,031,050500,1
129934,17,031,050500,2
156607,17,031,050500,3
128831,17,031,050500,4
174038,17,031,050500,5
91765,17,031,050600,1
121625,17,031,050600,2
115787,17,031,050700,1
150250,17,031,050800,1
121071,17,031,050900,1
156898,17,031,051000,1
161750,17,031,051100,1
152909,17,031,051200,1
180625,17,031,051200,2
200000,17,031,051300,1
199972,17,031,051300,2
161923,17,031,051400,1
117344,17,031,051400,2
106938,17,031,060100,1
98641,17,031,060100,2
117863,17,031,060100,3
73750,17,031,060200,1
104861,17,031,060200,2
166786,17,031,060300,1
110179,17,031,060300,2
124531,17,031,060400,1
140550,17,031,060400,2
161458,17,031,060400,3
52652,17,031,060500,1
90676,17,031,060800,1
-666666666,17,031,060800,2
69706,17,031,060800,3
72760,17,031,060800,4
89071,17,031,060900,1
-666666666,17,031,060900,2
62903,17,031,060900,3
44319,17,031,060900,4
56399,17,031,060900,5
108885,17,031,060900,6
111728,17,031,061000,1
92750,17,031,061100,1
120865,17,031,061200,1
126750,17,031,061500,1
65238,17,031,061800,1
58023,17,031,061901,1
67019,17,031,061901,2
52925,17,031,061901,3
-666666666,17,031,061901,4
102909,17,031,061902,1
78222,17,031,061902,2
74773,17,031,061902,3
-666666666,17,031,061902,4
104318,17,031,062000,1
81715,17,031,062000,2
153811,17,031,062100,1
67281,17,031,062100,2
96364,17,031,062100,3
161250,17,031,062200,1
166917,17,031,062200,2
181250,17,031,062300,1
141328,17,031,062400,1
157143,17,031,062500,1
187857,17,031,062600,1
107031,17,031,062700,1
204338,17,031,062700,2
139188,17,031,062700,3
108750,17,031,062800,1
206563,17,031,062800,2
152946,17,031,062800,3
144449,17,031,062900,1
136563,17,031,062900,2
162656,17,031,062900,3
88750,17,031,063000,1
110188,17,031,063000,2
106167,17,031,063000,3
96875,17,031,063100,1
95500,17,031,063100,2
61694,17,031,063200,1
110667,17,031,063200,2
63750,17,031,063200,3
85811,17,031,063200,4
63190,17,031,063200,5
67127,17,031,063200,6
43906,17,031,063301,1
86012,17,031,063301,2
62318,17,031,063301,3
115900,17,031,063302,1
65156,17,031,063302,2
80820,17,031,063302,3
66808,17,031,063302,4
55250,17,031,063303,1
113000,17,031,063303,2
131705,17,031,063400,1
88333,17,031,063400,2
102206,17,031,070101,1
91563,17,031,070101,2
68510,17,031,070101,3
81750,17,031,070102,1
103636,17,031,070102,2
55654,17,031,070102,3
70250,17,031,070103,1
77740,17,031,070103,2
104826,17,031,070200,1
118086,17,031,070200,2
77946,17,031,070200,3
192222,17,031,070300,1
151146,17,031,070300,2
-666666666,17,031,070400,1
193750,17,031,070400,2
250001,17,031,070400,3
105833,17,031,070500,1
-666666666,17,031,070500,2
198833,17,031,070500,3
250001,17,031,070600,1
225694,17,031,070600,2
206719,17,031,070700,1
85921,17,031,070700,2
202974,17,031,071000,1
213036,17,031,071000,2
208125,17,031,071100,1
190068,17,031,071100,2
130189,17,031,071200,1
157989,17,031,071200,2
126543,17,031,071300,1
85455,17,031,071300,2
108274,17,031,071400,1
88800,17,031,071400,2
117037,17,031,071400,3
113958,17,031,071400,4
94741,17,031,071500,1
144043,17,031,071500,2
76964,17,031,071500,3
53782,17,031,071500,4
113036,17,031,071500,5
124046,17,031,071500,6
166875,17,031,071600,1
250001,17,031,071700,1
137500,17,031,071700,2
192273,17,031,071800,1
169861,17,031,071800,2
86250,17,031,080100,1
118393,17,031,080100,2
76364,17,031,080100,3
175328,17,031,080100,4
126974,17,031,080100,5
190500,17,031,080100,6
-666666666,17,031,080100,7
140000,17,031,080201,1
81417,17,031,080201,2
120375,17,031,080201,3
107250,17,031,080202,1
98039,17,031,080202,2
94111,17,031,080202,3
95978,17,031,080300,1
141125,17,031,080300,2
185170,17,031,080300,3
156250,17,031,080300,4
39491,17,031,080400,1
-666666666,17,031,080400,2
250001,17,031,080400,3
135976,17,031,081000,1
148109,17,031,081000,2
77171,17,031,081000,3
-666666666,17,031,081000,4
-666666666,17,031,081000,5
-666666666,17,031,081000,6
90227,17,031,081100,1
-666666666,17,031,081100,2
87045,17,031,081100,3
172604,17,031,081201,1
119245,17,031,081201,2
111031,17,031,081201,3
250001,17,031,081202,1
154519,17,031,081202,2
83975,17,031,081202,3
230781,17,031,081202,4
-666666666,17,031,081300,1
236389,17,031,081300,2
125536,17,031,081300,3
138750,17,031,081300,4
58810,17,031,081300,5
157321,17,031,081300,6
59750,17,031,081401,1
82685,17,031,081401,2
122879,17,031,081402,1
166168,17,031,081402,2
112466,17,031,081402,3
128906,17,031,081403,1
76429,17,031,081403,2
94559,17,031,081403,3
172799,17,031,081500,1
140853,17,031,081500,2
101760,17,031,081500,3
127091,17,031,081600,1
113068,17,031,081600,2
81685,17,031,081700,1
124594,17,031,081700,2
192600,17,031,081800,1
155993,17,031,081800,2
196993,17,031,081800,3
121816,17,031,081800,4
175833,17,031,081900,1
96208,17,031,090100,1
143750,17,031,090100,2
155122,17,031,090100,3
106250,17,031,090100,4
164297,17,031,090200,1
137065,17,031,090200,2
66311,17,031,090200,3
107986,17,031,090200,4
250001,17,031,090200,5
103421,17,031,090300,1
135504,17,031,100100,1
114300,17,031,100100,2
91190,17,031,100100,3
84565,17,031,100100,4
103295,17,031,100200,1
186034,17,031,100200,2
135877,17,031,100200,3
77637,17,031,100200,4
84514,17,031,100200,5
100486,17,031,100200,6
63571,17,031,100200,7
-666666666,17,031,100300,1
74028,17,031,100300,2
-666666666,17,031,100300,3
75846,17,031,100300,4
109297,17,031,100300,5
-666666666,17,031,100300,6
110455,17,031,100400,1
151917,17,031,100400,2
113828,17,031,100400,3
100953,17,031,100500,1
117000,17,031,100500,2
83298,17,031,100500,3
101083,17,031,100500,4
76542,17,031,100500,5
76667,17,031,100600,1
62341,17,031,100600,2
75313,17,031,100600,3
75284,17,031,100600,4
91167,17,031,100700,1
108289,17,031,100700,2
125000,17,031,100700,3
91250,17,031,100700,4
112604,17,031,100700,5
74191,17,031,110100,1
118393,17,031,110100,2
79179,17,031,110100,3
106781,17,031,110100,4
69375,17,031,110100,5
64338,17,031,110200,1
68533,17,031,110200,2
115595,17,031,110300,1
101066,17,031,110300,2
117750,17,031,110300,3
118000,17,031,110300,4
66719,17,031,110300,5
80216,17,031,110400,1
70625,17,031,110400,2
73029,17,031,110400,3
84216,17,031,110501,1
109013,17,031,110501,2
136172,17,031,110501,3
89833,17,031,110501,4
62802,17,031,110502,1
73049,17,031,110502,2
149142,17,031,120100,1
181136,17,031,120100,2
193482,17,031,120100,3
125778,17,031,120100,4
121250,17,031,120200,1
149417,17,031,120200,2
158750,17,031,120200,3
113869,17,031,120200,4
103693,17,031,120300,1
88194,17,031,120300,2
210804,17,031,120300,3
-666666666,17,031,120300,4
173750,17,031,120300,5
117273,17,031,120300,6
120625,17,031,120400,1
150347,17,031,120400,2
95417,17,031,120400,3
-666666666,17,031,130100,1
17408,17,031,130100,2
61630,17,031,130100,3
97361,17,031,130200,1
44038,17,031,130300,1
54559,17,031,130300,2
61339,17,031,130300,3
72644,17,031,130300,4
61513,17,031,140100,1
77727,17,031,140100,2
47958,17,031,140200,1
47644,17,031,140200,2
79121,17,031,140200,3
66458,17,031,140301,1
52917,17,031,140301,2
48611,17,031,140302,1
71667,17,031,140302,2
100216,17,031,140302,3
61050,17,031,140400,1
103200,17,031,140400,2
117188,17,031,140400,3
118472,17,031,140400,4
66045,17,031,140400,5
87500,17,031,140500,1
64840,17,031,140500,2
78750,17,031,140500,3
77727,17,031,140601,1
-666666666,17,031,140602,1
77301,17,031,140602,2
48229,17,031,140602,3
51008,17,031,140602,4
79413,17,031,140701,1
77969,17,031,140701,2
60221,17,031,140702,1
47679,17,031,140702,2
-666666666,17,031,140702,3
94205,17,031,140702,4
85592,17,031,140800,1
97245,17,031,140800,2
69191,17,031,140800,3
117793,17,031,140800,4
76000,17,031,140800,5
85795,17,031,150200,1
83180,17,031,150200,2
38125,17,031,150200,3
109115,17,031,150200,4
-666666666,17,031,150200,5
59107,17,031,150300,1
70982,17,031,150300,2
98413,17,031,150300,3
111250,17,031,150300,4
112434,17,031,150300,5
50171,17,031,150300,6
80372,17,031,150300,7
39904,17,031,150401,1
83259,17,031,150401,2
-666666666,17,031,150401,3
90125,17,031,150401,4
90329,17,031,150402,1
62542,17,031,150402,2
92727,17,031,150402,3
87165,17,031,150501,1
145139,17,031,150501,2
113667,17,031,150501,3
71250,17,031,150502,1
68464,17,031,150502,2
68603,17,031,150502,3
-666666666,17,031,150600,1
79750,17,031,150600,2
107386,17,031,150600,3
92031,17,031,150600,4
75587,17,031,150700,1
108798,17,031,150700,2
69188,17,031,150700,3
90333,17,031,150700,4
-666666666,17,031,150800,1
86646,17,031,150800,2
73594,17,031,150800,3
-666666666,17,031,150800,4
70583,17,031,150800,5
85268,17,031,151001,1
93625,17,031,151001,2
67969,17,031,151002,1
71625,17,031,151002,2
63182,17,031,151002,3
84200,17,031,151002,4
74538,17,031,151100,1
44830,17,031,151100,2
80000,17,031,151100,3
76932,17,031,151100,4
97188,17,031,151200,1
81274,17,031,151200,2
60329,17,031,151200,3
72031,17,031,160100,1
129583,17,031,160100,2
84063,17,031,160200,1
112589,17,031,160200,2
-666666666,17,031,160200,3
132500,17,031,160200,4
71890,17,031,160300,1
58342,17,031,160300,2
81825,17,031,160300,3
66420,17,031,160400,1
98182,17,031,160400,2
57382,17,031,160400,3
91635,17,031,160501,1
66188,17,031,160501,2
60278,17,031,160502,1
80870,17,031,160502,2
104313,17,031,160502,3
64828,17,031,160601,1
79904,17,031,160601,2
75000,17,031,160601,3
66528,17,031,160602,1
86409,17,031,160602,2
79375,17,031,160602,3
-666666666,17,031,160700,1
-666666666,17,031,160700,2
77727,17,031,160700,3
102816,17,031,160700,4
85896,17,031,160700,5
67029,17,031,160800,1
63500,17,031,160800,2
75352,17,031,160800,3
73194,17,031,160800,4
87520,17,031,160800,5
92938,17,031,160900,1
86250,17,031,160900,2
84338,17,031,161000,1
100962,17,031,161000,2
128625,17,031,161100,1
153043,17,031,161100,2
52315,17,031,161200,1
67321,17,031,161200,2
70714,17,031,161300,1
48494,17,031,161300,2
-666666666,17,031,161300,3
36898,17,031,161300,4
48438,17,031,170100,1
128026,17,031,170200,1
72417,17,031,170200,2
75714,17,031,170200,3
63750,17,031,170300,1
54318,17,031,170300,2
77321,17,031,170300,3
128214,17,031,170300,4
85430,17,031,170300,5
-666666666,17,031,170400,1
68264,17,031,170400,2
92864,17,031,170400,3
118190,17,031,170400,4
66550,17,031,170500,1
115781,17,031,170500,2
92083,17,031,170500,3
92955,17,031,170500,4
72200,17,031,170600,1
63542,17,031,170600,2
75518,17,031,170700,1
66250,17,031,170700,2
79203,17,031,170700,3
84688,17,031,170800,1
60938,17,031,170800,2
61442,17,031,170800,3
74706,17,031,170900,1
40903,17,031,171000,1
-666666666,17,031,171000,2
116627,17,031,171000,3
120078,17,031,171000,4
74213,17,031,171000,5
85515,17,031,171000,6
141351,17,031,171100,1
83125,17,031,171100,2
51935,17,031,171100,3
96667,17,031,180100,1
56250,17,031,180100,2
82313,17,031,180100,3
-666666666,17,031,180100,4
62375,17,031,180100,5
48352,17,031,190100,1
119375,17,031,190200,1
43958,17,031,190200,2
39914,17,031,190200,3
75958,17,031,190200,4
39417,17,031,190300,1
82889,17,031,190300,2
63571,17,031,190300,3
110417,17,031,190300,4
73068,17,031,190401,1
81923,17,031,190401,2
34184,17,031,190402,1
62400,17,031,190402,2
-666666666,17,031,190601,1
83041,17,031,190601,2
60958,17,031,190601,3
76087,17,031,190602,1
54219,17,031,190602,2
57135,17,031,190602,3
66801,17,031,190701,1
45536,17,031,190701,2
51170,17,031,190702,1
33477,17,031,190702,2
63370,17,031,190702,3
-666666666,17,031,190800,1
68542,17,031,190800,2
72784,17,031,190800,3
87887,17,031,190800,4
40469,17,031,190800,5
64242,17,031,190900,1
35093,17,031,191000,1
96250,17,031,191000,2
48529,17,031,191100,1
-666666666,17,031,191100,2
29291,17,031,191100,3
76936,17,031,191100,4
61303,17,031,191100,5
67054,17,031,191100,6
58250,17,031,191200,1
44032,17,031,191200,2
81875,17,031,191301,1
45789,17,031,191301,2
59014,17,031,191301,3
71500,17,031,191302,1
58108,17,031,191302,2
109432,17,031,200100,1
68503,17,031,200100,2
47219,17,031,200100,3
68472,17,031,200200,1
57628,17,031,200200,2
48026,17,031,200200,3
67923,17,031,200200,4
-666666666,17,031,200300,1
59013,17,031,200300,2
44063,17,031,200401,1
67121,17,031,200401,2
64063,17,031,200402,1
55286,17,031,200402,2
75700,17,031,200402,3
128150,17,031,210100,1
94057,17,031,210100,2
70250,17,031,210100,3
48864,17,031,210400,1
57188,17,031,210400,2
52154,17,031,210501,1
54788,17,031,210501,2
55184,17,031,210502,1
84028,17,031,210502,2
68798,17,031,210502,3
202524,17,031,210601,1
56726,17,031,210601,2
78393,17,031,210601,3
100192,17,031,210602,1
74049,17,031,210602,2
106488,17,031,210602,3
53790,17,031,210700,1
89152,17,031,210700,2
64500,17,031,210700,3
67308,17,031,210800,1
106860,17,031,210900,1
88198,17,031,210900,2
115357,17,031,220300,1
83283,17,031,220300,2
68969,17,031,220400,1
111625,17,031,220400,2
83362,17,031,220500,1
98571,17,031,220500,2
71711,17,031,220500,3
103851,17,031,220601,1
114125,17,031,220601,2
-666666666,17,031,220602,1
61842,17,031,220602,2
-666666666,17,031,220602,3
69255,17,031,220602,4
67375,17,031,220701,1
-666666666,17,031,220701,2
65904,17,031,220701,3
86667,17,031,220702,1
81029,17,031,220702,2
55536,17,031,220702,3
-666666666,17,031,220702,4
80870,17,031,220901,1
-666666666,17,031,220901,2
80588,17,031,220901,3
70221,17,031,220902,1
68917,17,031,220902,2
62125,17,031,221000,1
92550,17,031,221000,2
79795,17,031,221100,1
55179,17,031,221100,2
86806,17,031,221100,3
147750,17,031,221200,1
117596,17,031,221200,2
77227,17,031,221300,1
51023,17,031,221300,2
71563,17,031,221300,3
145625,17,031,221400,1
108214,17,031,221400,2
66625,17,031,221400,3
41643,17,031,221500,1
64441,17,031,221500,2
156354,17,031,221600,1
138214,17,031,221600,2
191111,17,031,222200,1
154500,17,031,222200,2
103125,17,031,222500,1
75078,17,031,222600,1
98438,17,031,222700,1
72969,17,031,222700,2
80850,17,031,222800,1
74940,17,031,222900,1
84583,17,031,230100,1
64844,17,031,230200,1
52557,17,031,230300,1
93407,17,031,230400,1
68646,17,031,230400,2
36463,17,031,230500,1
-666666666,17,031,230500,2
114506,17,031,230600,1
27833,17,031,230600,2
72978,17,031,230600,3
-666666666,17,031,230600,4
66010,17,031,230600,5
-666666666,17,031,230600,6
27924,17,031,230700,1
70857,17,031,230700,2
61645,17,031,230700,3
43374,17,031,230700,4
61111,17,031,230800,1
60500,17,031,230900,1
62946,17,031,230900,2
57955,17,031,230900,3
55714,17,031,231100,1
37000,17,031,231200,1
25938,17,031,231200,2
36648,17,031,231200,3
-666666666,17,031,231200,4
43710,17,031,231200,5
-666666666,17,031,231500,1
90024,17,031,231500,2
38220,17,031,231500,3
-666666666,17,031,231500,4
-666666666,17,031,231500,5
144659,17,031,240200,1
139432,17,031,240300,1
167768,17,031,240500,1
144286,17,031,240600,1
93534,17,031,240700,1
163750,17,031,240800,1
71667,17,031,240800,2
66250,17,031,240900,1
87750,17,031,241000,1
77750,17,031,241000,2
83993,17,031,241100,1
80486,17,031,241100,2
116389,17,031,241200,1
116250,17,031,241200,2
158750,17,031,241300,1
-666666666,17,031,241400,1
149048,17,031,241400,2
211111,17,031,241400,3
145542,17,031,241400,4
169815,17,031,241500,1
175278,17,031,241500,2
129828,17,031,241500,3
123750,17,031,241600,1
103942,17,031,241600,2
143220,17,031,242000,1
158318,17,031,242000,2
77549,17,031,242000,3
200420,17,031,242100,1
163382,17,031,242100,2
157391,17,031,242100,3
139932,17,031,242200,1
151691,17,031,242200,2
98194,17,031,242300,1
77448,17,031,242300,2
108074,17,031,242400,1
88542,17,031,242400,2
80750,17,031,242500,1
75735,17,031,242500,2
-666666666,17,031,242600,1
65341,17,031,242600,2
96830,17,031,242600,3
80357,17,031,242600,4
65781,17,031,242700,1
127813,17,031,242800,1
144141,17,031,242900,1
92500,17,031,242900,2
152885,17,031,243000,1
82939,17,031,243000,2
131250,17,031,243100,1
62429,17,031,243100,2
134853,17,031,243200,1
70000,17,031,243200,2
76111,17,031,243300,1
152434,17,031,243300,2
85074,17,031,243400,1
-666666666,17,031,243400,2
131591,17,031,243400,3
106094,17,031,243500,1
160375,17,031,243500,2
61111,17,031,250200,1
48173,17,031,250200,2
81055,17,031,250300,1
37198,17,031,250300,2
48728,17,031,250300,3
27120,17,031,250300,4
-666666666,17,031,250400,1
33922,17,031,250400,2
36313,17,031,250400,3
48727,17,031,250400,4
63438,17,031,250400,5
110125,17,031,250500,1
33539,17,031,250500,2
95673,17,031,250500,3
137394,17,031,250500,4
140811,17,031,250500,5
55146,17,031,250500,6
161346,17,031,250500,7
40673,17,031,250600,1
91875,17,031,250600,2
46473,17,031,250600,3
57404,17,031,250600,4
-666666666,17,031,250700,1
54734,17,031,250700,2
41108,17,031,250700,3
52856,17,031,250700,4
40119,17,031,250700,5
72847,17,031,250800,1
61021,17,031,250800,2
29915,17,031,251000,1
14659,17,031,251100,1
43365,17,031,251100,2
29178,17,031,251100,3
36121,17,031,251100,4
-666666666,17,031,251200,1
-666666666,17,031,251200,2
-666666666,17,031,251200,3
60714,17,031,251200,4
38981,17,031,251300,1
32604,17,031,251300,2
31472,17,031,251300,3
-666666666,17,031,251300,4
42708,17,031,251300,5
-666666666,17,031,251400,1
13902,17,031,251400,2
33932,17,031,251400,3
18429,17,031,251400,4
75093,17,031,251500,1
-666666666,17,031,251500,2
28068,17,031,251500,3
50093,17,031,251500,4
47417,17,031,251600,1
25972,17,031,251600,2
40293,17,031,251600,3
52031,17,031,251700,1
20917,17,031,251800,1
-666666666,17,031,251800,2
33750,17,031,251800,3
21691,17,031,251800,4
38250,17,031,251800,5
35250,17,031,251900,1
50325,17,031,251900,2
20494,17,031,251900,3
24701,17,031,251900,4
17768,17,031,252000,1
29820,17,031,252000,2
44944,17,031,252000,3
18384,17,031,252000,4
-666666666,17,031,252101,1
34569,17,031,252102,1
55850,17,031,252102,2
-666666666,17,031,252102,3
48241,17,031,252102,4
44464,17,031,252201,1
-666666666,17,031,252201,2
39276,17,031,252201,3
28854,17,031,252202,1
37292,17,031,252202,2
30508,17,031,252202,3
51019,17,031,252202,4
58917,17,031,252202,5
21188,17,031,260100,1
41506,17,031,260200,1
18803,17,031,260300,1
-666666666,17,031,260400,1
40985,17,031,260500,1
44250,17,031,260600,1
43036,17,031,260600,2
40742,17,031,260700,1
27813,17,031,260700,2
29167,17,031,260800,1
44444,17,031,260800,2
22455,17,031,260900,1
70833,17,031,260900,2
40524,17,031,261000,1
41170,17,031,261000,2
19107,17,031,270500,1
27784,17,031,271200,1
33750,17,031,271300,1
27273,17,031,271400,1
37857,17,031,271500,1
50441,17,031,271800,1
155265,17,031,280100,1
111250,17,031,280100,2
201250,17,031,280100,3
65972,17,031,280400,1
21786,17,031,280800,1
-666666666,17,031,280900,1
154441,17,031,281900,1
87690,17,031,281900,2
84500,17,031,281900,3
68967,17,031,282700,1
88207,17,031,282700,2
74158,17,031,282800,1
-666666666,17,031,283100,1
60139,17,031,283100,2
53153,17,031,283200,1
31826,17,031,283800,1
82375,17,031,283800,2
16694,17,031,290900,1
-666666666,17,031,290900,2
31681,17,031,290900,3
43542,17,031,290900,4
21625,17,031,291200,1
29444,17,031,291200,2
110167,17,031,291600,1
30096,17,031,292200,1
31348,17,031,292200,2
44706,17,031,292200,3
18424,17,031,292400,1
50906,17,031,292400,2
43417,17,031,292500,1
52396,17,031,292500,2
-666666666,17,031,292500,3
28147,17,031,300500,1
57361,17,031,300500,2
46725,17,031,300600,1
46885,17,031,300600,2
51163,17,031,300700,1
43199,17,031,300700,2
34194,17,031,300700,3
28545,17,031,300800,1
33561,17,031,300800,2
27228,17,031,300900,1
-666666666,17,031,300900,2
35862,17,031,300900,3
34205,17,031,301100,1
34355,17,031,301100,2
41117,17,031,301200,1
31176,17,031,301200,2
52009,17,031,301200,3
28424,17,031,301600,1
29186,17,031,301600,2
49018,17,031,301701,1
49402,17,031,301701,2
-666666666,17,031,301701,3
-666666666,17,031,301702,1
32992,17,031,301702,2
42381,17,031,301702,3
44479,17,031,301801,1
29207,17,031,301801,2
36635,17,031,301802,1
42765,17,031,301802,2
26838,17,031,301802,3
35950,17,031,301803,1
34688,17,031,301803,2
51467,17,031,301803,3
96875,17,031,310200,1
95625,17,031,310200,2
70149,17,031,310300,1
59833,17,031,310400,1
53923,17,031,310500,1
69142,17,031,310600,1
88415,17,031,310600,2
66233,17,031,310600,3
60278,17,031,310700,1
-666666666,17,031,310800,1
36736,17,031,310800,2
75313,17,031,310800,3
101435,17,031,310900,1
61520,17,031,310900,2
58844,17,031,310900,3
125727,17,031,320101,1
-666666666,17,031,320101,2
133997,17,031,320101,3
108558,17,031,320101,4
163383,17,031,320102,1
237283,17,031,320102,2
155189,17,031,320400,1
114621,17,031,320600,1
107813,17,031,320600,2
162209,17,031,330101,1
-666666666,17,031,330101,2
107281,17,031,330102,1
-666666666,17,031,330102,2
105189,17,031,330102,3
-666666666,17,031,330102,4
117388,17,031,330103,1
137615,17,031,330103,2
82955,17,031,330103,3
17202,17,031,330200,1
168295,17,031,330200,2
35761,17,031,340300,1
46827,17,031,340400,1
35060,17,031,340500,1
13897,17,031,340600,1
53929,17,031,350100,1
57406,17,031,350100,2
18368,17,031,350400,1
87366,17,031,351000,1
36023,17,031,351000,2
52165,17,031,351000,3
-666666666,17,031,351100,1
14463,17,031,351100,2
15865,17,031,351400,1
-666666666,17,031,351500,1
56250,17,031,351500,2
25305,17,031,360200,1
23417,17,031,380100,1
22629,17,031,380200,1
66058,17,031,380600,1
36607,17,031,380600,2
-666666666,17,031,380600,3
22614,17,031,380600,4
40168,17,031,381200,1
38083,17,031,381200,2
38007,17,031,381400,1
21230,17,031,381500,1
-666666666,17,031,381700,1
85625,17,031,381800,1
35022,17,031,381800,2
52750,17,031,381900,1
56146,17,031,381900,2
56023,17,031,390100,1
82667,17,031,390200,1
105938,17,031,390200,2
13647,17,031,390300,1
39190,17,031,390300,2
-666666666,17,031,390400,1
21974,17,031,390400,2
49784,17,031,390500,1
54375,17,031,390600,1
80714,17,031,390600,2
97407,17,031,390700,1
77738,17,031,390700,2
52250,17,031,390700,3
41875,17,031,400300,1
-666666666,17,031,400400,1
50245,17,031,400400,2
-666666666,17,031,400500,1
21173,17,031,400500,2
21042,17,031,400800,1
9320,17,031,400800,2
40708,17,031,410100,1
52371,17,031,410100,2
52344,17,031,410200,1
79417,17,031,410500,1
50573,17,031,410500,2
80670,17,031,410600,1
33417,17,031,410600,2
55427,17,031,410700,1
44844,17,031,410800,1
51771,17,031,410800,2
98450,17,031,410900,1
46250,17,031,410900,2
71375,17,031,410900,3
44943,17,031,411000,1
112647,17,031,411000,2
50985,17,031,411000,3
111793,17,031,411100,1
118621,17,031,411100,2
114293,17,031,411200,1
-666666666,17,031,411200,2
19608,17,031,420100,1
26583,17,031,420200,1
36031,17,031,420300,1
24870,17,031,420400,1
21361,17,031,420500,1
31429,17,031,420500,2
18548,17,031,420600,1
41989,17,031,420600,2
24677,17,031,420700,1
31835,17,031,420700,2
21678,17,031,420700,3
2499,17,031,420700,4
26292,17,031,420700,5
41955,17,031,420800,1
40476,17,031,420800,2
55677,17,031,421200,1
25417,17,031,421200,2
19487,17,031,430101,1
-666666666,17,031,430101,2
33919,17,031,430101,3
-666666666,17,031,430101,4
45774,17,031,430102,1
56368,17,031,430102,2
29583,17,031,430102,3
48750,17,031,430200,1
-666666666,17,031,430200,2
-666666666,17,031,430200,3
26642,17,031,430200,4
-666666666,17,031,430200,5
38059,17,031,430300,1
-666666666,17,031,430300,2
26397,17,031,430300,3
31316,17,031,430400,1
35857,17,031,430400,2
65444,17,031,430400,3
24429,17,031,430400,4
19082,17,031,430500,1
26550,17,031,430500,2
-666666666,17,031,430500,3
64856,17,031,430600,1
36488,17,031,430600,2
27326,17,031,430700,1
-666666666,17,031,430700,2
47237,17,031,430800,1
33051,17,031,430800,2
35208,17,031,430900,1
49219,17,031,430900,2
51780,17,031,431200,1
61930,17,031,431200,2
34527,17,031,431301,1
38125,17,031,431301,2
27067,17,031,431301,3
16506,17,031,431302,1
-666666666,17,031,431302,2
38556,17,031,431302,3
47250,17,031,431400,1
36434,17,031,431400,2
34541,17,031,431400,3
48596,17,031,431400,4
24694,17,031,440101,1
30214,17,031,440101,2
34661,17,031,440101,3
31447,17,031,440101,4
34097,17,031,440102,1
52893,17,031,440102,2
36288,17,031,440102,3
35500,17,031,440102,4
-666666666,17,031,440201,1
44531,17,031,440201,2
-666666666,17,031,440201,3
-666666666,17,031,440201,4
24634,17,031,440202,1
31064,17,031,440202,2
61979,17,031,440202,3
71204,17,031,440300,1
63397,17,031,440300,2
43407,17,031,440300,3
61908,17,031,440300,4
44167,17,031,440300,5
55179,17,031,440600,1
70833,17,031,440600,2
32227,17,031,440700,1
82662,17,031,440700,2
29013,17,031,440800,1
-666666666,17,031,440800,2
-666666666,17,031,440900,1
-666666666,17,031,440900,2
89500,17,031,440900,3
29602,17,031,450300,1
-666666666,17,031,450300,2
66000,17,031,450300,3
54853,17,031,450300,4
44542,17,031,460100,1
51726,17,031,460100,2
44150,17,031,460100,3
43514,17,031,460100,4
17951,17,031,460200,1
27080,17,031,460200,2
40217,17,031,460301,1
35888,17,031,460301,2
-666666666,17,031,460301,3
-666666666,17,031,460302,1
31543,17,031,460302,2
-666666666,17,031,460302,3
32450,17,031,460302,4
-666666666,17,031,460400,1
-666666666,17,031,460400,2
45750,17,031,460400,3
86136,17,031,460400,4
86630,17,031,460500,1
49028,17,031,460500,2
62500,17,031,460500,3
102702,17,031,460500,4
88291,17,031,460500,5
-666666666,17,031,460500,6
-666666666,17,031,460500,7
24931,17,031,460800,1
-666666666,17,031,460800,2
14564,17,031,460800,3
40278,17,031,460800,4
14243,17,031,461000,1
50208,17,031,470100,1
41351,17,031,470100,2
54375,17,031,480100,1
70313,17,031,480100,2
64554,17,031,480200,1
45833,17,031,480200,2
49970,17,031,480300,1
76694,17,031,480400,1
39812,17,031,480400,2
85079,17,031,480400,3
148556,17,031,480400,4
135063,17,031,480400,5
95944,17,031,480400,6
33805,17,031,480400,7
41149,17,031,480500,1
61141,17,031,480500,2
-666666666,17,031,480500,3
62159,17,031,490200,1
58750,17,031,490200,2
59807,17,031,490200,3
69375,17,031,490500,1
62708,17,031,490500,2
47474,17,031,490600,1
29583,17,031,490700,1
59583,17,031,490700,2
46736,17,031,490700,3
-666666666,17,031,490800,1
42500,17,031,490800,2
92125,17,031,490800,3
48276,17,031,490800,4
-666666666,17,031,490800,5
32407,17,031,490901,1
36940,17,031,490901,2
31949,17,031,490901,3
64487,17,031,490902,1
40938,17,031,490902,2
58750,17,031,490902,3
91488,17,031,490902,4
-666666666,17,031,491000,1
39345,17,031,491000,2
11574,17,031,491000,3
58259,17,031,491000,4
-666666666,17,031,491100,1
30972,17,031,491100,2
91691,17,031,491100,3
68281,17,031,491100,4
71908,17,031,491100,5
36696,17,031,491200,1
68949,17,031,491200,2
35875,17,031,491200,3
36098,17,031,491300,1
52917,17,031,491300,2
90521,17,031,491300,3
27946,17,031,491300,4
25063,17,031,491400,1
17353,17,031,491400,2
37323,17,031,491400,3
103208,17,031,500100,1
75972,17,031,500100,2
103262,17,031,500100,3
61136,17,031,500100,4
26619,17,031,500200,1
37011,17,031,500200,2
42212,17,031,500300,1
63563,17,031,500300,2
60184,17,031,510100,1
-666666666,17,031,510100,2
35147,17,031,510200,1
58281,17,031,510200,2
56042,17,031,510200,3
-666666666,17,031,510300,1
-666666666,17,031,510300,2
11002,17,031,510300,3
40473,17,031,510300,4
61875,17,031,520100,1
-666666666,17,031,520200,1
79432,17,031,520200,2
44375,17,031,520200,3
46803,17,031,520300,1
59741,17,031,520300,2
53939,17,031,520300,3
40410,17,031,520300,4
44034,17,031,520400,1
43815,17,031,520400,2
52961,17,031,520400,3
55160,17,031,520400,4
100926,17,031,520500,1
82813,17,031,520500,2
50688,17,031,520500,3
81742,17,031,520600,1
37201,17,031,530100,1
25928,17,031,530100,2
-666666666,17,031,530200,1
-666666666,17,031,530200,2
102652,17,031,530200,3
65598,17,031,530200,4
41528,17,031,530200,5
53106,17,031,530300,1
63194,17,031,530300,2
48942,17,031,530300,3
51767,17,031,530300,4
-666666666,17,031,530400,1
80222,17,031,530400,2
-666666666,17,031,530501,1
-666666666,17,031,530501,2
43750,17,031,530501,3
49932,17,031,530501,4
66111,17,031,530502,1
70417,17,031,530503,1
55709,17,031,530503,2
-666666666,17,031,530503,3
51563,17,031,530600,1
-666666666,17,031,530600,2
-666666666,17,031,530600,3
16042,17,031,540101,1
13047,17,031,540101,2
18682,17,031,540102,1
22333,17,031,540102,2
29236,17,031,540102,3
-666666666,17,031,550100,1
150855,17,031,550100,2
-666666666,17,031,550100,3
91172,17,031,550100,4
-666666666,17,031,550100,5
40885,17,031,550100,6
69219,17,031,550200,1
45958,17,031,550200,2
34688,17,031,560100,1
32935,17,031,560200,1
54750,17,031,560200,2
52344,17,031,560300,1
65766,17,031,560300,2
68750,17,031,560400,1
85385,17,031,560700,1
64773,17,031,560700,2
111239,17,031,560800,1
64250,17,031,560800,2
85089,17,031,560800,3
96397,17,031,560800,4
119464,17,031,560800,5
103864,17,031,560900,1
87214,17,031,560900,2
123512,17,031,560900,3
106250,17,031,560900,4
125405,17,031,560900,5
56713,17,031,560900,6
67763,17,031,561000,1
144792,17,031,561000,2
96506,17,031,561000,3
101375,17,031,561000,4
-666666666,17,031,561000,5
-666666666,17,031,561000,6
102604,17,031,561100,1
103750,17,031,561100,2
-666666666,17,031,561100,3
94667,17,031,561100,4
126111,17,031,561100,5
52917,17,031,561100,6
56471,17,031,570100,1
-666666666,17,031,570200,1
46957,17,031,570300,1
45865,17,031,570300,2
57589,17,031,570300,3
44432,17,031,570300,4
70272,17,031,570400,1
47604,17,031,570400,2
73173,17,031,570500,1
45664,17,031,570500,2
47794,17,031,580100,1
46667,17,031,580100,2
62981,17,031,580200,1
34989,17,031,580200,2
65742,17,031,580300,1
63313,17,031,580400,1
31277,17,031,580400,2
55595,17,031,580400,3
43257,17,031,580400,4
-666666666,17,031,580501,1
101250,17,031,580501,2
44527,17,031,580501,3
36585,17,031,580501,4
31250,17,031,580502,1
44347,17,031,580502,2
44412,17,031,580502,3
48750,17,031,580600,1
42500,17,031,580600,2
-666666666,17,031,580600,3
64805,17,031,580600,4
28875,17,031,580700,1
54451,17,031,580700,2
90143,17,031,580700,3
52324,17,031,580800,1
71641,17,031,590500,1
59974,17,031,590600,1
34583,17,031,590600,2
84865,17,031,590600,3
95833,17,031,590700,1
50000,17,031,590700,2
58620,17,031,600400,1
-666666666,17,031,600400,2
37083,17,031,600400,3
57222,17,031,600600,1
-666666666,17,031,600600,2
61136,17,031,600700,1
40429,17,031,600700,2
71174,17,031,600900,1
64938,17,031,600900,2
63000,17,031,600900,3
105729,17,031,600900,4
-666666666,17,031,610300,1
51343,17,031,610300,2
35987,17,031,610300,3
44632,17,031,610400,1
81064,17,031,610800,1
21548,17,031,611200,1
31518,17,031,611200,2
58333,17,031,611300,1
40498,17,031,611300,2
31413,17,031,611300,3
36719,17,031,611400,1
25169,17,031,611400,2
27138,17,031,611400,3
38397,17,031,611500,1
41538,17,031,611500,2
21908,17,031,611600,1
-666666666,17,031,611600,2
28942,17,031,611700,1
24258,17,031,611700,2
-666666666,17,031,611700,3
44514,17,031,611800,1
59375,17,031,611800,2
31510,17,031,611900,1
-666666666,17,031,611900,2
33821,17,031,612000,1
59125,17,031,612000,2
22159,17,031,612100,1
37826,17,031,612200,1
41000,17,031,612200,2
30298,17,031,612200,3
60795,17,031,620100,1
82125,17,031,620100,2
56250,17,031,620100,3
66000,17,031,620200,1
50051,17,031,620200,2
55625,17,031,620300,1
113050,17,031,620300,2
75950,17,031,620300,3
38542,17,031,620300,4
-666666666,17,031,620300,5
-666666666,17,031,620300,6
51310,17,031,620400,1
48103,17,031,620400,2
74375,17,031,620400,3
26392,17,031,620400,4
53533,17,031,630300,1
54029,17,031,630300,2
52883,17,031,630400,1
-666666666,17,031,630400,2
25714,17,031,630400,3
24804,17,031,630400,4
45837,17,031,630500,1
55573,17,031,630500,2
37723,17,031,630500,3
42844,17,031,630500,4
50793,17,031,630600,1
30833,17,031,630600,2
52575,17,031,630800,1
102389,17,031,630800,2
58443,17,031,630800,3
35769,17,031,630800,4
36327,17,031,630900,1
22933,17,031,630900,2
55625,17,031,630900,3
40307,17,031,640100,1
-666666666,17,031,640300,1
65625,17,031,640300,2
-666666666,17,031,640300,3
99474,17,031,640300,4
44717,17,031,640300,5
63698,17,031,640300,6
92625,17,031,640400,1
59792,17,031,640400,2
73409,17,031,640500,1
64653,17,031,640500,2
56656,17,031,640600,1
89167,17,031,640600,2
65281,17,031,640600,3
68523,17,031,640700,1
43194,17,031,640700,2
70446,17,031,640700,3
66761,17,031,640700,4
36750,17,031,640800,1
37708,17,031,640800,2
61528,17,031,650100,1
80208,17,031,650100,2
-666666666,17,031,650100,3
87105,17,031,650100,4
139643,17,031,650200,1
-666666666,17,031,650200,2
115527,17,031,650200,3
75969,17,031,650200,4
79784,17,031,650200,5
-666666666,17,031,650200,6
44896,17,031,650301,1
97520,17,031,650301,2
54779,17,031,650301,3
62794,17,031,650301,4
68009,17,031,650302,1
39014,17,031,650302,2
67805,17,031,650400,1
61094,17,031,650400,2
82500,17,031,650400,3
74219,17,031,650400,4
37813,17,031,650400,5
77188,17,031,650500,1
99844,17,031,650500,2
36827,17,031,650500,3
22443,17,031,660301,1
39167,17,031,660302,1
24063,17,031,660302,2
43091,17,031,660302,3
44545,17,031,660302,4
-666666666,17,031,660400,1
30769,17,031,660400,2
87756,17,031,660400,3
37022,17,031,660400,4
24545,17,031,660500,1
27305,17,031,660500,2
62813,17,031,660500,3
57689,17,031,660500,4
34865,17,031,660600,1
25056,17,031,660600,2
44605,17,031,660600,3
24914,17,031,660600,4
24130,17,031,660600,5
34531,17,031,660700,1
24834,17,031,660700,2
37716,17,031,660800,1
31827,17,031,660800,2
87923,17,031,660800,3
35521,17,031,660800,4
-666666666,17,031,660800,5
37113,17,031,660900,1
52125,17,031,660900,2
-666666666,17,031,660900,3
34188,17,031,661000,1
63691,17,031,661000,2
36226,17,031,661000,3
58875,17,031,661000,4
32946,17,031,661000,5
62995,17,031,661100,1
109839,17,031,661100,2
75052,17,031,661100,3
-666666666,17,031,661100,4
46461,17,031,661100,5
21103,17,031,670100,1
30313,17,031,670100,2
27667,17,031,670200,1
42639,17,031,670300,1
24512,17,031,670300,2
27139,17,031,670400,1
26538,17,031,670500,1
20703,17,031,670600,1
23542,17,031,670600,2
43688,17,031,670700,1
25872,17,031,670700,2
28750,17,031,670800,1
25250,17,031,670800,2
43233,17,031,670900,1
25566,17,031,670900,2
13060,17,031,671100,1
39231,17,031,671200,1
-666666666,17,031,671300,1
38586,17,031,671300,2
22472,17,031,671300,3
25927,17,031,671400,1
37750,17,031,671400,2
42865,17,031,671500,1
28466,17,031,671500,2
-666666666,17,031,671500,3
13963,17,031,671600,1
23295,17,031,671600,2
-666666666,17,031,671600,3
31061,17,031,671800,1
59663,17,031,671900,1
30460,17,031,672000,1
58357,17,031,672000,2
-666666666,17,031,672000,3
-666666666,17,031,672000,4
28438,17,031,680500,1
43929,17,031,680600,1
12544,17,031,680900,1
11474,17,031,680900,2
29192,17,031,680900,3
26136,17,031,680900,4
36744,17,031,681000,1
-666666666,17,031,681000,2
29318,17,031,681000,3
-666666666,17,031,681000,4
29676,17,031,681100,1
43315,17,031,681100,2
-666666666,17,031,681100,3
37625,17,031,681100,4
-666666666,17,031,681100,5
17750,17,031,681200,1
-666666666,17,031,681200,2
14767,17,031,681200,3
-666666666,17,031,681300,1
14967,17,031,681300,2
14879,17,031,681300,3
53510,17,031,681400,1
-666666666,17,031,681400,2
34464,17,031,681400,3
47321,17,031,681400,4
18648,17,031,690300,1
38636,17,031,690300,2
21466,17,031,690400,1
41105,17,031,690400,2
20790,17,031,690400,3
-666666666,17,031,690400,4
40179,17,031,690500,1
41563,17,031,690900,1
68640,17,031,690900,2
-666666666,17,031,690900,3
41250,17,031,690900,4
-666666666,17,031,690900,5
48006,17,031,691000,1
31509,17,031,691000,2
82589,17,031,691000,3
-666666666,17,031,691000,4
-666666666,17,031,691100,1
-666666666,17,031,691100,2
78724,17,031,691100,3
28534,17,031,691100,4
31756,17,031,691200,1
33875,17,031,691200,2
-666666666,17,031,691200,3
53423,17,031,691300,1
-666666666,17,031,691300,2
78875,17,031,691400,1
31862,17,031,691400,2
-666666666,17,031,691400,3
60547,17,031,691400,4
63438,17,031,691400,5
19643,17,031,691500,1
19989,17,031,691500,2
27344,17,031,691500,3
71985,17,031,700100,1
-666666666,17,031,700100,2
75214,17,031,700200,1
55250,17,031,700200,2
90227,17,031,700200,3
105189,17,031,700200,4
68106,17,031,700301,1
87558,17,031,700301,2
64943,17,031,700301,3
117019,17,031,700302,1
83894,17,031,700302,2
71667,17,031,700302,3
64538,17,031,700302,4
68510,17,031,700401,1
75147,17,031,700401,2
63472,17,031,700401,3
119583,17,031,700401,4
56150,17,031,700402,1
44643,17,031,700402,2
93625,17,031,700402,3
64730,17,031,700501,1
-666666666,17,031,700501,2
64299,17,031,700501,3
78614,17,031,700501,4
41442,17,031,700501,5
56250,17,031,700501,6
89129,17,031,700502,1
71848,17,031,700502,2
20797,17,031,710100,1
17976,17,031,710200,1
73507,17,031,710200,2
-666666666,17,031,710200,3
-666666666,17,031,710200,4
14156,17,031,710200,5
50284,17,031,710300,1
15125,17,031,710400,1
-666666666,17,031,710400,2
-666666666,17,031,710400,3
26857,17,031,710400,4
56364,17,031,710400,5
71680,17,031,710400,6
23504,17,031,710500,1
-666666666,17,031,710500,2
34484,17,031,710500,3
44063,17,031,710500,4
49792,17,031,710600,1
36734,17,031,710600,2
17750,17,031,710700,1
77813,17,031,710700,2
-666666666,17,031,710700,3
51071,17,031,710700,4
34033,17,031,710800,1
-666666666,17,031,710800,2
-666666666,17,031,710800,3
32860,17,031,710800,4
21208,17,031,710800,5
19256,17,031,710800,6
33750,17,031,710900,1
42813,17,031,710900,2
41538,17,031,711000,1
54643,17,031,711000,2
38679,17,031,711000,3
42750,17,031,711100,1
46940,17,031,711100,2
-666666666,17,031,711100,3
54513,17,031,711200,1
28462,17,031,711200,2
112940,17,031,711200,3
73665,17,031,711200,4
48750,17,031,711300,1
57463,17,031,711300,2
54031,17,031,711400,1
31895,17,031,711400,2
57813,17,031,711400,3
49389,17,031,711500,1
50296,17,031,711500,2
153250,17,031,720100,1
152143,17,031,720100,2
102045,17,031,720100,3
85577,17,031,720200,1
66920,17,031,720200,2
108570,17,031,720200,3
99844,17,031,720300,1
125417,17,031,720300,2
132353,17,031,720300,3
124722,17,031,720300,4
149706,17,031,720400,1
87500,17,031,720400,2
186250,17,031,720500,1
96875,17,031,720500,2
111042,17,031,720600,1
136591,17,031,720600,2
53165,17,031,720700,1
110405,17,031,720700,2
182656,17,031,720700,3
61417,17,031,730100,1
70625,17,031,730100,2
41724,17,031,730100,3
69103,17,031,730201,1
31714,17,031,730201,2
22191,17,031,730201,3
-666666666,17,031,730201,4
87250,17,031,730201,5
65774,17,031,730202,1
69821,17,031,730202,2
76289,17,031,730202,3
41571,17,031,730300,1
103300,17,031,730400,1
102604,17,031,730400,2
58500,17,031,730400,3
-666666666,17,031,730400,4
59447,17,031,730500,1
53393,17,031,730500,2
31830,17,031,730500,3
63715,17,031,730500,4
70313,17,031,730600,1
61759,17,031,730600,2
46354,17,031,730600,3
58319,17,031,730700,1
-666666666,17,031,730700,2
140781,17,031,740100,1
-666666666,17,031,740100,2
106722,17,031,740100,3
86902,17,031,740100,4
-666666666,17,031,740200,1
140341,17,031,740200,2
110673,17,031,740200,3
133214,17,031,740200,4
111910,17,031,740300,1
134573,17,031,740300,2
160313,17,031,740300,3
68693,17,031,740300,4
170096,17,031,740300,5
115278,17,031,740400,1
111750,17,031,740400,2
71394,17,031,740400,3
96875,17,031,740400,4
75952,17,031,750100,1
102267,17,031,750100,2
-666666666,17,031,750100,3
30563,17,031,750100,4
77787,17,031,750200,1
-666666666,17,031,750200,2
119531,17,031,750200,3
50362,17,031,750200,4
136806,17,031,750300,1
89271,17,031,750300,2
79643,17,031,750300,3
95909,17,031,750400,1
119231,17,031,750400,2
102905,17,031,750400,3
49125,17,031,750500,1
78929,17,031,750500,2
39837,17,031,750500,3
64558,17,031,750500,4
59432,17,031,750600,1
31985,17,031,750600,2
46650,17,031,750600,3
65709,17,031,750600,4
71063,17,031,760801,1
77928,17,031,760801,2
66193,17,031,760802,1
62328,17,031,760803,1
-666666666,17,031,760803,2
44574,17,031,760803,3
-666666666,17,031,760803,4
76696,17,031,770201,1
76207,17,031,770201,2
96296,17,031,770201,3
71250,17,031,770202,1
71612,17,031,770202,2
105729,17,031,770202,3
133141,17,031,770300,1
77000,17,031,770300,2
111467,17,031,770300,3
65922,17,031,770300,4
97377,17,031,770300,5
99531,17,031,770400,1
94565,17,031,770400,2
66200,17,031,770400,3
50769,17,031,770500,1
48563,17,031,770500,2
51146,17,031,770601,1
101188,17,031,770601,2
107250,17,031,770601,3
60893,17,031,770602,1
74417,17,031,770602,2
117344,17,031,770602,3
62135,17,031,770700,1
54496,17,031,770700,2
72396,17,031,770800,1
58477,17,031,770800,2
102792,17,031,770901,1
102792,17,031,770901,2
104294,17,031,770901,3
73300,17,031,770901,4
98512,17,031,770902,1
54865,17,031,770902,2
180278,17,031,800100,1
250001,17,031,800100,2
-666666666,17,031,800200,1
250001,17,031,800200,2
-666666666,17,031,800200,3
237628,17,031,800200,4
-666666666,17,031,800200,5
250001,17,031,800200,6
239583,17,031,800300,1
-666666666,17,031,800300,2
223281,17,031,800300,3
236538,17,031,800400,1
250001,17,031,800400,2
250001,17,031,800400,3
94515,17,031,800500,1
250001,17,031,800500,2
250001,17,031,800500,3
250001,17,031,800500,4
250001,17,031,800500,5
250001,17,031,800600,1
240417,17,031,800600,2
250001,17,031,800700,1
199167,17,031,800700,2
250001,17,031,800700,3
185272,17,031,800700,4
105417,17,031,800800,1
114896,17,031,800900,1
109773,17,031,800900,2
125427,17,031,800900,3
116000,17,031,800900,4
198375,17,031,801000,1
176429,17,031,801000,2
127643,17,031,801000,3
112120,17,031,801000,4
197386,17,031,801100,1
215125,17,031,801100,2
202391,17,031,801100,3
236500,17,031,801100,4
250001,17,031,801200,1
250001,17,031,801200,2
208676,17,031,801200,3
-666666666,17,031,801300,1
141458,17,031,801300,2
250001,17,031,801300,3
122955,17,031,801300,4
151798,17,031,801400,1
151250,17,031,801400,2
73533,17,031,801500,1
250001,17,031,801500,2
127333,17,031,801500,3
79734,17,031,801601,1
87313,17,031,801601,2
95481,17,031,801603,1
52500,17,031,801603,2
104118,17,031,801605,1
195865,17,031,801605,2
142679,17,031,801605,3
218508,17,031,801605,4
181042,17,031,801605,5
164632,17,031,801606,1
216875,17,031,801606,2
181447,17,031,801606,3
188125,17,031,801606,4
71346,17,031,801606,5
182500,17,031,801607,1
110625,17,031,801607,2
144063,17,031,801607,3
113344,17,031,801608,1
105288,17,031,801608,2
198636,17,031,801608,3
177946,17,031,801608,4
208750,17,031,801701,1
189130,17,031,801701,2
250001,17,031,801702,1
151071,17,031,801702,2
118068,17,031,801702,3
129821,17,031,801702,4
136000,17,031,801800,1
250001,17,031,801800,2
186489,17,031,801800,3
125893,17,031,801800,4
95540,17,031,801901,1
79625,17,031,801901,2
207045,17,031,801901,3
173625,17,031,801902,1
250001,17,031,801902,2
53681,17,031,801902,3
128281,17,031,802002,1
149167,17,031,802002,2
129250,17,031,802003,1
-666666666,17,031,802004,1
31302,17,031,802004,2
73188,17,031,802004,3
45305,17,031,802004,4
-666666666,17,031,802100,1
-666666666,17,031,802100,2
145893,17,031,802100,3
147443,17,031,802200,1
138750,17,031,802200,2
152563,17,031,802200,3
107581,17,031,802300,1
109038,17,031,802300,2
89881,17,031,802402,1
81000,17,031,802402,2
59444,17,031,802402,3
40438,17,031,802402,4
69737,17,031,802403,1
72513,17,031,802404,1
63184,17,031,802404,2
49404,17,031,802404,3
50938,17,031,802404,4
120035,17,031,802503,1
94018,17,031,802503,2
100185,17,031,802503,3
70288,17,031,802503,4
85451,17,031,802504,1
70556,17,031,802504,2
88594,17,031,802504,3
86477,17,031,802504,4
-666666666,17,031,802505,1
88250,17,031,802505,2
-666666666,17,031,802505,3
64244,17,031,802505,4
80250,17,031,802505,5
45673,17,031,802505,6
83750,17,031,802506,1
88333,17,031,802506,2
109024,17,031,802605,1
81364,17,031,802605,2
83738,17,031,802605,3
139500,17,031,802605,4
114766,17,031,802605,5
122500,17,031,802607,1
72917,17,031,802608,1
99082,17,031,802608,2
107981,17,031,802608,3
60450,17,031,802608,4
63472,17,031,802609,1
26908,17,031,802609,2
64948,17,031,802609,3
45987,17,031,802609,4
116148,17,031,802610,1
84563,17,031,802701,1
95673,17,031,802701,2
117583,17,031,802701,3
141346,17,031,802701,4
66528,17,031,802702,1
119773,17,031,802702,2
139063,17,031,802702,3
122857,17,031,802801,1
117436,17,031,802801,2
162647,17,031,802801,3
114844,17,031,802801,4
118438,17,031,802801,5
121892,17,031,802802,1
129357,17,031,802802,2
98021,17,031,802802,3
85972,17,031,802802,4
131063,17,031,802802,5
181685,17,031,802900,1
119861,17,031,802900,2
145000,17,031,802900,3
110169,17,031,802900,4
139000,17,031,803005,1
72368,17,031,803005,2
73186,17,031,803007,1
106375,17,031,803007,2
99219,17,031,803007,3
129861,17,031,803008,1
130000,17,031,803008,2
161250,17,031,803008,3
95333,17,031,803010,1
117188,17,031,803010,2
147586,17,031,803010,3
108784,17,031,803010,4
76089,17,031,803012,1
47730,17,031,803013,1
167533,17,031,803013,2
98036,17,031,803013,3
71313,17,031,803014,1
71034,17,031,803014,2
120625,17,031,803015,1
66719,17,031,803015,2
114130,17,031,803015,3
113819,17,031,803016,1
95078,17,031,803017,1
135777,17,031,803017,2
84100,17,031,803017,3
126667,17,031,803100,1
134336,17,031,803100,2
132868,17,031,803200,1
69306,17,031,803200,2
114932,17,031,803200,3
112632,17,031,803300,1
71538,17,031,803300,2
120515,17,031,803300,3
106833,17,031,803400,1
69137,17,031,803400,2
147083,17,031,803400,3
120114,17,031,803400,4
172670,17,031,803400,5
146372,17,031,803400,6
112794,17,031,803500,1
112083,17,031,803500,2
145450,17,031,803500,3
173279,17,031,803500,4
110972,17,031,803500,5
179453,17,031,803603,1
234107,17,031,803603,2
140521,17,031,803603,3
189167,17,031,803603,4
79821,17,031,803604,1
69821,17,031,803604,2
96950,17,031,803604,3
83194,17,031,803604,4
156591,17,031,803605,1
160441,17,031,803605,2
115775,17,031,803605,3
65500,17,031,803605,4
51324,17,031,803605,5
115625,17,031,803607,1
117639,17,031,803607,2
105515,17,031,803607,3
90298,17,031,803607,4
159080,17,031,803608,1
66514,17,031,803608,2
57875,17,031,803608,3
97904,17,031,803611,1
33152,17,031,803611,2
82250,17,031,803611,3
72500,17,031,803611,4
70441,17,031,803611,5
51023,17,031,803612,1
72917,17,031,803612,2
-666666666,17,031,803613,1
72760,17,031,803613,2
39844,17,031,803614,1
49727,17,031,803614,2
131875,17,031,803615,1
54821,17,031,803615,2
108140,17,031,803616,1
76538,17,031,803616,2
81528,17,031,803616,3
95091,17,031,803701,1
74808,17,031,803701,2
-666666666,17,031,803702,1
206250,17,031,803702,2
133547,17,031,803702,3
97708,17,031,803702,4
111620,17,031,803800,1
70083,17,031,803800,2
96625,17,031,803800,3
117036,17,031,803800,4
57946,17,031,803901,1
108500,17,031,803901,2
82917,17,031,803902,1
99722,17,031,803902,2
96429,17,031,803902,3
81006,17,031,804000,1
85493,17,031,804000,2
132188,17,031,804102,1
173571,17,031,804102,2
129481,17,031,804102,3
151635,17,031,804104,1
123977,17,031,804104,2
141250,17,031,804104,3
160688,17,031,804105,1
134453,17,031,804105,2
134960,17,031,804105,3
131648,17,031,804106,1
114297,17,031,804106,2
208689,17,031,804106,3
87132,17,031,804106,4
76582,17,031,804108,1
100574,17,031,804108,2
193654,17,031,804109,1
126354,17,031,804109,2
75278,17,031,804202,1
165595,17,031,804202,2
169832,17,031,804202,3
139850,17,031,804202,4
-666666666,17,031,804203,1
197862,17,031,804203,2
81892,17,031,804204,1
167500,17,031,804204,2
207895,17,031,804204,3
66125,17,031,804305,1
111023,17,031,804305,2
48495,17,031,804305,3
78841,17,031,804305,4
91938,17,031,804306,1
98529,17,031,804306,2
68495,17,031,804306,3
72273,17,031,804306,4
58558,17,031,804308,1
99464,17,031,804308,2
88160,17,031,804308,3
76364,17,031,804309,1
84063,17,031,804309,2
142813,17,031,804312,1
91513,17,031,804313,1
112292,17,031,804313,2
125422,17,031,804313,3
103487,17,031,804314,1
101754,17,031,804315,1
88986,17,031,804316,1
133026,17,031,804316,2
43393,17,031,804403,1
88215,17,031,804403,2
159261,17,031,804403,3
72602,17,031,804403,4
86137,17,031,804404,1
82500,17,031,804404,2
88073,17,031,804404,3
65625,17,031,804404,4
75612,17,031,804405,1
42321,17,031,804405,2
88419,17,031,804406,1
80565,17,031,804406,2
60757,17,031,804406,3
99100,17,031,804505,1
66161,17,031,804505,2
69153,17,031,804505,3
134492,17,031,804506,1
88636,17,031,804506,2
123588,17,031,804506,3
61900,17,031,804508,1
91528,17,031,804509,1
83646,17,031,804509,2
83563,17,031,804509,3
100714,17,031,804509,4
84375,17,031,804510,1
69583,17,031,804510,2
60302,17,031,804510,3
85455,17,031,804510,4
52313,17,031,804511,1
90341,17,031,804511,2
146377,17,031,804512,1
141653,17,031,804512,2
179375,17,031,804513,1
107305,17,031,804513,2
83698,17,031,804513,3
37396,17,031,804514,1
141967,17,031,804514,2
99250,17,031,804514,3
57643,17,031,804603,1
71315,17,031,804603,2
98822,17,031,804603,3
105385,17,031,804606,1
119000,17,031,804606,2
119844,17,031,804606,3
124563,17,031,804606,4
126676,17,031,804607,1
118839,17,031,804607,2
100072,17,031,804607,3
80625,17,031,804607,4
111458,17,031,804608,1
113250,17,031,804608,2
123152,17,031,804608,3
180230,17,031,804609,1
66793,17,031,804609,2
97306,17,031,804609,3
76339,17,031,804610,1
71042,17,031,804610,2
89545,17,031,804611,1
68229,17,031,804611,2
117014,17,031,804611,3
53333,17,031,804701,1
109044,17,031,804701,2
67891,17,031,804701,3
73654,17,031,804701,4
110036,17,031,804705,1
52708,17,031,804705,2
84688,17,031,804705,3
105125,17,031,804706,1
136023,17,031,804706,2
37083,17,031,804709,1
85636,17,031,804709,2
64706,17,031,804709,3
79848,17,031,804709,4
83967,17,031,804709,5
140000,17,031,804710,1
96174,17,031,804710,2
69396,17,031,804710,3
97778,17,031,804710,4
51042,17,031,804711,1
93269,17,031,804711,2
84803,17,031,804711,3
82402,17,031,804711,4
70445,17,031,804712,1
92063,17,031,804712,2
146217,17,031,804712,3
79529,17,031,804713,1
72857,17,031,804713,2
92069,17,031,804713,3
174505,17,031,804713,4
71461,17,031,804714,1
118654,17,031,804714,2
92188,17,031,804714,3
53333,17,031,804715,1
54318,17,031,804715,2
107938,17,031,804716,1
90648,17,031,804716,2
107452,17,031,804716,3
112125,17,031,804803,1
81271,17,031,804803,2
72546,17,031,804803,3
66373,17,031,804804,1
80464,17,031,804804,2
53511,17,031,804804,3
78500,17,031,804804,4
96083,17,031,804805,1
106654,17,031,804805,2
93026,17,031,804805,3
101419,17,031,804805,4
82159,17,031,804806,1
91806,17,031,804806,2
55972,17,031,804806,3
107250,17,031,804807,1
94275,17,031,804807,2
81528,17,031,804807,3
99096,17,031,804807,4
120972,17,031,804808,1
133839,17,031,804808,2
99531,17,031,804808,3
94896,17,031,804809,1
123333,17,031,804809,2
91705,17,031,804809,3
83015,17,031,804810,1
168125,17,031,804810,2
73832,17,031,804810,3
-666666666,17,031,804810,4
135766,17,031,804901,1
126016,17,031,804901,2
114833,17,031,804901,3
80263,17,031,804901,4
122986,17,031,804901,5
137333,17,031,804901,6
145179,17,031,804902,1
113733,17,031,804902,2
77417,17,031,804902,3
96667,17,031,804902,4
48309,17,031,804902,5
77450,17,031,805001,1
145938,17,031,805001,2
124861,17,031,805001,3
173162,17,031,805001,4
88681,17,031,805002,1
37328,17,031,805002,2
80484,17,031,805002,3
48354,17,031,805002,4
-666666666,17,031,805002,5
72220,17,031,805105,1
65825,17,031,805105,2
60086,17,031,805105,3
54464,17,031,805105,4
-666666666,17,031,805105,5
57103,17,031,805106,1
109125,17,031,805106,2
66563,17,031,805107,1
72664,17,031,805107,2
51369,17,031,805107,3
74219,17,031,805107,4
74485,17,031,805107,5
58039,17,031,805108,1
88590,17,031,805108,2
97769,17,031,805108,3
69142,17,031,805108,4
104293,17,031,805109,1
79531,17,031,805109,2
72786,17,031,805109,3
91371,17,031,805110,1
93125,17,031,805110,2
95357,17,031,805110,3
92791,17,031,805110,4
137944,17,031,805111,1
110491,17,031,805111,2
59559,17,031,805111,3
57206,17,031,805111,4
43651,17,031,805111,5
55714,17,031,805111,6
51686,17,031,805112,1
75602,17,031,805112,2
132583,17,031,805201,1
102986,17,031,805201,2
89234,17,031,805201,3
89850,17,031,805202,1
156250,17,031,805202,2
74451,17,031,805202,3
77742,17,031,805202,4
121563,17,031,805301,1
84698,17,031,805301,2
-666666666,17,031,805301,3
95417,17,031,805302,1
110341,17,031,805302,2
66429,17,031,805302,3
73537,17,031,805401,1
95156,17,031,805401,2
120556,17,031,805401,3
108708,17,031,805402,1
92891,17,031,805402,2
88988,17,031,805402,3
90431,17,031,805402,4
77113,17,031,805402,5
157069,17,031,805501,1
67008,17,031,805501,2
122228,17,031,805501,3
183598,17,031,805502,1
183224,17,031,805502,2
128263,17,031,805502,3
75500,17,031,805502,4
166613,17,031,805600,1
92197,17,031,805600,2
250001,17,031,805600,3
155833,17,031,805600,4
209688,17,031,805701,1
168125,17,031,805701,2
155375,17,031,805701,3
82115,17,031,805701,4
171920,17,031,805701,5
159875,17,031,805702,1
123750,17,031,805702,2
110179,17,031,805801,1
106250,17,031,805801,2
111563,17,031,805801,3
97891,17,031,805802,1
136500,17,031,805802,2
156154,17,031,805802,3
-666666666,17,031,805802,4
117604,17,031,805802,5
71016,17,031,805901,1
84500,17,031,805901,2
82727,17,031,805901,3
84000,17,031,805902,1
143333,17,031,805902,2
198750,17,031,805902,3
91433,17,031,805902,4
109079,17,031,805902,5
127672,17,031,805902,6
-666666666,17,031,806001,1
42895,17,031,806001,2
50335,17,031,806001,3
-666666666,17,031,806001,4
65000,17,031,806002,1
57068,17,031,806002,2
73766,17,031,806002,3
107572,17,031,806002,4
49219,17,031,806002,5
30486,17,031,806004,1
53789,17,031,806004,2
79020,17,031,806004,3
77847,17,031,806004,4
77266,17,031,806005,1
-666666666,17,031,806005,2
39461,17,031,806006,1
73594,17,031,806006,2
108255,17,031,806006,3
68799,17,031,806006,4
96290,17,031,806102,1
68533,17,031,806102,2
95625,17,031,806102,3
108393,17,031,806103,1
92352,17,031,806103,2
116875,17,031,806103,3
77747,17,031,806103,4
26667,17,031,806104,1
27750,17,031,806104,2
83125,17,031,806104,3
61021,17,031,806201,1
61964,17,031,806201,2
-666666666,17,031,806202,1
67708,17,031,806202,2
71587,17,031,806202,3
62619,17,031,806300,1
99107,17,031,806300,2
101397,17,031,806300,3
82159,17,031,806300,4
124816,17,031,806300,5
119034,17,031,806300,6
97083,17,031,806400,1
110179,17,031,806400,2
65893,17,031,806501,1
50980,17,031,806501,2
51875,17,031,806502,1
74069,17,031,806502,2
85714,17,031,806502,3
63365,17,031,806502,4
94571,17,031,806600,1
68802,17,031,806600,2
94750,17,031,806700,1
138977,17,031,806700,2
117250,17,031,806700,3
-666666666,17,031,806700,4
52069,17,031,806801,1
72532,17,031,806801,2
134583,17,031,806801,3
90083,17,031,806801,4
148611,17,031,806802,1
61250,17,031,806802,2
130625,17,031,806802,3
85563,17,031,806900,1
48403,17,031,806900,2
121038,17,031,806900,3
65965,17,031,807000,1
43607,17,031,807000,2
88850,17,031,807000,3
46902,17,031,807000,4
101607,17,031,807100,1
107232,17,031,807100,2
161667,17,031,807100,3
101750,17,031,807200,1
78589,17,031,807200,2
93523,17,031,807200,3
77273,17,031,807200,4
117452,17,031,807200,5
51316,17,031,807300,1
68191,17,031,807300,2
126705,17,031,807300,3
117656,17,031,807300,4
129423,17,031,807300,5
162800,17,031,807400,1
165794,17,031,807400,2
41575,17,031,807400,3
100298,17,031,807400,4
-666666666,17,031,807400,5
114018,17,031,807500,1
121154,17,031,807500,2
122462,17,031,807500,3
76683,17,031,807600,1
64414,17,031,807600,2
98427,17,031,807600,3
115531,17,031,807600,4
55625,17,031,807600,5
33764,17,031,807700,1
85305,17,031,807700,2
138090,17,031,807700,3
90436,17,031,807700,4
146250,17,031,807800,1
113583,17,031,807800,2
107411,17,031,807900,1
97993,17,031,807900,2
175096,17,031,807900,3
105645,17,031,808001,1
79263,17,031,808001,2
155208,17,031,808001,3
88571,17,031,808002,1
81139,17,031,808002,2
66250,17,031,808002,3
75278,17,031,808002,4
72581,17,031,808100,1
36736,17,031,808100,2
90590,17,031,808200,1
86397,17,031,808200,2
72375,17,031,808200,3
40733,17,031,808301,1
75338,17,031,808301,2
113299,17,031,808301,3
54276,17,031,808301,4
80057,17,031,808302,1
66523,17,031,808302,2
96389,17,031,808302,3
112875,17,031,808400,1
124550,17,031,808400,2
106310,17,031,808400,3
118083,17,031,808500,1
88188,17,031,808500,2
107917,17,031,808500,3
110972,17,031,808500,4
202708,17,031,808600,1
137708,17,031,808600,2
55729,17,031,808702,1
-666666666,17,031,808702,2
213750,17,031,808702,3
120714,17,031,808800,1
188594,17,031,808800,2
164853,17,031,808900,1
212969,17,031,808900,2
140333,17,031,808900,3
183194,17,031,809000,1
250001,17,031,809000,2
131442,17,031,809000,3
168958,17,031,809000,4
120595,17,031,809100,1
209250,17,031,809100,2
68250,17,031,809100,3
36445,17,031,809200,1
45940,17,031,809200,2
65962,17,031,809200,3
-666666666,17,031,809200,4
-666666666,17,031,809300,1
43750,17,031,809300,2
37538,17,031,809300,3
139000,17,031,809401,1
52321,17,031,809401,2
78750,17,031,809402,1
36005,17,031,809402,2
65556,17,031,809500,1
54625,17,031,809500,2
103125,17,031,809500,3
145577,17,031,809600,1
71071,17,031,809600,2
-666666666,17,031,809600,3
104773,17,031,809700,1
174519,17,031,809700,2
113409,17,031,809700,3
104375,17,031,809800,1
-666666666,17,031,809800,2
143715,17,031,809900,1
95833,17,031,809900,2
94844,17,031,810000,1
118750,17,031,810000,2
104250,17,031,810000,3
60074,17,031,810100,1
60089,17,031,810100,2
100278,17,031,810100,3
-666666666,17,031,810100,4
82500,17,031,810100,5
-666666666,17,031,810200,1
79906,17,031,810200,2
42301,17,031,810200,3
77431,17,031,810200,4
70806,17,031,810200,5
63750,17,031,810200,6
108409,17,031,810301,1
76771,17,031,810301,2
80941,17,031,810301,3
91875,17,031,810301,4
107917,17,031,810302,1
90667,17,031,810302,2
100625,17,031,810302,3
150875,17,031,810400,1
120694,17,031,810400,2
115063,17,031,810400,3
144375,17,031,810400,4
36554,17,031,810501,1
92321,17,031,810501,2
79500,17,031,810501,3
86833,17,031,810501,4
69545,17,031,810501,5
95072,17,031,810502,1
92770,17,031,810502,2
86389,17,031,810502,3
56583,17,031,810502,4
-666666666,17,031,810502,5
61786,17,031,810600,1
105139,17,031,810600,2
57885,17,031,810600,3
59183,17,031,810701,1
41953,17,031,810701,2
48269,17,031,810701,3
60843,17,031,810701,4
75463,17,031,810702,1
-666666666,17,031,810702,2
67569,17,031,810702,3
83036,17,031,810800,1
70139,17,031,810800,2
93929,17,031,810800,3
90811,17,031,810800,4
77500,17,031,810900,1
-666666666,17,031,810900,2
39915,17,031,810900,3
41240,17,031,810900,4
108167,17,031,810900,5
107574,17,031,811000,1
118906,17,031,811000,2
118125,17,031,811000,3
43984,17,031,811000,4
73875,17,031,811000,5
36319,17,031,811100,1
84519,17,031,811100,2
96250,17,031,811100,3
60305,17,031,811100,4
90964,17,031,811200,1
93750,17,031,811200,2
68750,17,031,811200,3
76932,17,031,811200,4
-666666666,17,031,811200,5
57750,17,031,811301,1
58081,17,031,811301,2
70417,17,031,811301,3
94280,17,031,811301,4
65298,17,031,811302,1
50938,17,031,811302,2
60724,17,031,811401,1
88879,17,031,811401,2
76908,17,031,811401,3
83558,17,031,811401,4
71563,17,031,811401,5
75125,17,031,811402,1
39412,17,031,811402,2
69375,17,031,811402,3
88257,17,031,811500,1
85865,17,031,811500,2
69750,17,031,811500,3
82724,17,031,811500,4
60203,17,031,811600,1
80649,17,031,811600,2
43269,17,031,811600,3
55223,17,031,811600,4
83750,17,031,811701,1
48939,17,031,811701,2
42276,17,031,811702,1
47500,17,031,811702,2
70179,17,031,811702,3
54936,17,031,811800,1
85455,17,031,811800,2
91196,17,031,811800,3
81806,17,031,811800,4
145524,17,031,811900,1
114712,17,031,811900,2
213375,17,031,811900,3
137552,17,031,811900,4
123388,17,031,812000,1
65417,17,031,812000,2
119286,17,031,812000,3
226964,17,031,812000,4
192692,17,031,812000,5
237731,17,031,812000,6
105065,17,031,812100,1
116250,17,031,812100,2
130069,17,031,812100,3
102232,17,031,812100,4
147083,17,031,812100,5
247875,17,031,812200,1
245469,17,031,812200,2
195700,17,031,812200,3
211771,17,031,812200,4
86429,17,031,812301,1
77204,17,031,812301,2
96484,17,031,812301,3
165563,17,031,812302,1
171094,17,031,812302,2
97066,17,031,812302,3
234489,17,031,812400,1
170313,17,031,812400,2
223750,17,031,812400,3
69679,17,031,812500,1
66944,17,031,812500,2
-666666666,17,031,812500,3
66971,17,031,812500,4
44350,17,031,812600,1
63906,17,031,812600,2
61852,17,031,812600,3
97000,17,031,812600,4
98608,17,031,812700,1
115781,17,031,812700,2
46359,17,031,812700,3
55893,17,031,812801,1
96071,17,031,812801,2
74725,17,031,812802,1
93150,17,031,812802,2
87396,17,031,812802,3
139625,17,031,812900,1
152361,17,031,812900,2
108750,17,031,812900,3
165909,17,031,812900,4
135625,17,031,813000,1
103036,17,031,813000,2
104868,17,031,813000,3
102431,17,031,813000,4
202188,17,031,813000,5
59383,17,031,813100,1
81818,17,031,813100,2
86076,17,031,813100,3
106875,17,031,813100,4
136659,17,031,813100,5
80568,17,031,813200,1
146250,17,031,813200,2
145536,17,031,813200,3
173594,17,031,813200,4
164423,17,031,813200,5
56635,17,031,813301,1
64327,17,031,813301,2
45833,17,031,813301,3
50037,17,031,813302,1
58281,17,031,813302,2
32375,17,031,813400,1
65000,17,031,813400,2
74985,17,031,813400,3
87847,17,031,813400,4
49792,17,031,813400,5
61250,17,031,813400,6
67813,17,031,813500,1
56734,17,031,813500,2
62974,17,031,813500,3
76439,17,031,813500,4
-666666666,17,031,813500,5
-666666666,17,031,813600,1
79125,17,031,813600,2
78151,17,031,813600,3
57957,17,031,813701,1
53083,17,031,813701,2
60893,17,031,813702,1
92455,17,031,813702,2
82549,17,031,813702,3
59706,17,031,813702,4
42926,17,031,813801,1
53947,17,031,813801,2
60179,17,031,813801,3
39521,17,031,813802,1
-666666666,17,031,813802,2
63790,17,031,813802,3
36202,17,031,813802,4
35833,17,031,813900,1
31442,17,031,813900,2
90385,17,031,813900,3
76023,17,031,813900,4
65368,17,031,813900,5
90592,17,031,814000,1
46154,17,031,814000,2
70431,17,031,814000,3
127813,17,031,814000,4
53000,17,031,814100,1
34125,17,031,814100,2
55852,17,031,814100,3
68317,17,031,814200,1
58938,17,031,814200,2
70063,17,031,814200,3
63889,17,031,814200,4
39766,17,031,814200,5
45885,17,031,814200,6
38889,17,031,814300,1
49036,17,031,814300,2
54946,17,031,814400,1
41875,17,031,814400,2
118466,17,031,814400,3
62760,17,031,814400,4
-666666666,17,031,814400,5
69004,17,031,814400,6
80144,17,031,814500,1
76488,17,031,814500,2
49783,17,031,814500,3
45963,17,031,814600,1
106204,17,031,814600,2
88800,17,031,814600,3
85625,17,031,814600,4
99625,17,031,814600,5
85400,17,031,814700,1
94649,17,031,814700,2
70208,17,031,814700,3
68214,17,031,814700,4
40000,17,031,814700,5
56150,17,031,814800,1
47857,17,031,814800,2
84018,17,031,814800,3
59384,17,031,814800,4
96211,17,031,814800,5
-666666666,17,031,814900,1
53316,17,031,814900,2
50758,17,031,814900,3
68514,17,031,814900,4
69663,17,031,815000,1
85871,17,031,815000,2
54851,17,031,815000,3
86838,17,031,815100,1
63958,17,031,815100,2
77500,17,031,815100,3
-666666666,17,031,815200,1
71453,17,031,815200,2
59907,17,031,815200,3
47857,17,031,815200,4
58512,17,031,815200,5
96719,17,031,815300,1
87574,17,031,815300,2
126181,17,031,815300,3
67904,17,031,815300,4
79922,17,031,815400,1
68981,17,031,815400,2
-666666666,17,031,815400,3
-666666666,17,031,815400,4
88365,17,031,815500,1
131034,17,031,815500,2
46739,17,031,815500,3
107659,17,031,815500,4
86250,17,031,815500,5
120221,17,031,815500,6
70313,17,031,815500,7
51922,17,031,815600,1
58015,17,031,815600,2
40260,17,031,815600,3
-666666666,17,031,815600,4
93807,17,031,815600,5
136304,17,031,815701,1
166651,17,031,815701,2
136105,17,031,815701,3
124500,17,031,815701,4
232146,17,031,815702,1
82768,17,031,815702,2
130987,17,031,815702,3
98333,17,031,815702,4
124844,17,031,815702,5
98920,17,031,815800,1
62577,17,031,815900,1
79787,17,031,815900,2
67170,17,031,815900,3
82440,17,031,816000,1
112566,17,031,816000,2
84500,17,031,816000,3
81447,17,031,816100,1
-666666666,17,031,816100,2
90400,17,031,816100,3
-666666666,17,031,816100,4
32632,17,031,816100,5
43942,17,031,816100,6
52121,17,031,816200,1
115451,17,031,816200,2
96324,17,031,816200,3
47244,17,031,816300,1
61847,17,031,816300,2
69965,17,031,816300,3
83854,17,031,816300,4
57330,17,031,816401,1
76648,17,031,816401,2
59688,17,031,816401,3
85625,17,031,816401,4
60448,17,031,816402,1
48681,17,031,816402,2
67436,17,031,816402,3
52009,17,031,816402,4
60476,17,031,816500,1
40592,17,031,816500,2
52845,17,031,816500,3
83403,17,031,816600,1
53958,17,031,816600,2
68341,17,031,816600,3
66714,17,031,816700,1
44647,17,031,816700,2
31719,17,031,816800,1
76454,17,031,816800,2
102609,17,031,816800,3
53611,17,031,816800,4
69338,17,031,816900,1
90787,17,031,816900,2
89750,17,031,816900,3
81037,17,031,816900,4
52262,17,031,817000,1
39840,17,031,817000,2
73929,17,031,817000,3
59728,17,031,817000,4
73194,17,031,817000,5
34349,17,031,817101,1
44271,17,031,817101,2
64107,17,031,817101,3
54512,17,031,817101,4
48704,17,031,817102,1
65486,17,031,817102,2
98255,17,031,817102,3
32898,17,031,817200,1
63690,17,031,817200,2
54300,17,031,817200,3
40676,17,031,817200,4
53950,17,031,817300,1
85833,17,031,817400,1
89727,17,031,817400,2
72411,17,031,817400,3
15962,17,031,817500,1
34063,17,031,817500,2
115581,17,031,817500,3
81012,17,031,817500,4
45179,17,031,817600,1
48958,17,031,817600,2
29907,17,031,817600,3
72222,17,031,817700,1
76821,17,031,817700,2
69013,17,031,817700,3
44129,17,031,817700,4
66097,17,031,817900,1
41333,17,031,817900,2
34116,17,031,817900,3
71080,17,031,817900,4
-666666666,17,031,817900,5
37955,17,031,818000,1
65786,17,031,818000,2
43566,17,031,818000,3
116250,17,031,818100,1
107692,17,031,818100,2
107222,17,031,818200,1
91424,17,031,818200,2
128750,17,031,818200,3
74831,17,031,818200,4
93500,17,031,818300,1
49048,17,031,818300,2
62868,17,031,818300,3
100342,17,031,818300,4
65804,17,031,818401,1
-666666666,17,031,818401,2
44271,17,031,818401,3
70511,17,031,818401,4
112292,17,031,818402,1
60117,17,031,818402,2
77266,17,031,818402,3
161957,17,031,818500,1
88375,17,031,818500,2
79412,17,031,818500,3
95500,17,031,818500,4
78733,17,031,818600,1
114531,17,031,818600,2
96813,17,031,818600,3
102330,17,031,818700,1
120268,17,031,818700,2
105625,17,031,818700,3
106360,17,031,818700,4
168631,17,031,818800,1
84188,17,031,818800,2
-666666666,17,031,818800,3
98750,17,031,818800,4
115391,17,031,818800,5
60556,17,031,818800,6
96563,17,031,818900,1
64833,17,031,818900,2
117143,17,031,818900,3
209539,17,031,819000,1
142569,17,031,819000,2
157159,17,031,819000,3
99875,17,031,819000,4
37371,17,031,819100,1
77169,17,031,819100,2
-666666666,17,031,819100,3
36250,17,031,819100,4
84088,17,031,819200,1
96536,17,031,819200,2
79423,17,031,819200,3
69036,17,031,819200,4
75694,17,031,819300,1
89375,17,031,819300,2
61333,17,031,819300,3
62939,17,031,819400,1
66094,17,031,819400,2
88110,17,031,819400,3
139276,17,031,819400,4
63291,17,031,819400,5
149167,17,031,819500,1
77125,17,031,819500,2
74081,17,031,819500,3
57104,17,031,819500,4
250001,17,031,819600,1
193636,17,031,819600,2
183807,17,031,819600,3
153833,17,031,819600,4
176607,17,031,819700,1
180500,17,031,819700,2
141120,17,031,819700,3
118571,17,031,819700,4
198036,17,031,819801,1
199306,17,031,819801,2
198462,17,031,819801,3
218036,17,031,819801,4
175375,17,031,819801,5
175313,17,031,819802,1
161510,17,031,819802,2
209038,17,031,819900,1
153393,17,031,819900,2
213929,17,031,819900,3
162938,17,031,820000,1
250001,17,031,820000,2
130400,17,031,820101,1
244076,17,031,820101,2
101435,17,031,820101,3
79543,17,031,820101,4
194231,17,031,820101,5
66358,17,031,820101,6
111250,17,031,820101,7
78641,17,031,820103,1
77500,17,031,820103,2
70950,17,031,820103,3
174688,17,031,820103,4
48182,17,031,820104,1
78224,17,031,820104,2
125694,17,031,820104,3
96406,17,031,820104,4
67933,17,031,820202,1
75257,17,031,820202,2
63864,17,031,820202,3
147721,17,031,820203,1
109527,17,031,820203,2
71403,17,031,820204,1
126023,17,031,820204,2
144154,17,031,820204,3
49205,17,031,820300,1
76607,17,031,820300,2
70469,17,031,820300,3
42122,17,031,820300,4
43750,17,031,820400,1
44965,17,031,820400,2
48301,17,031,820400,3
88542,17,031,820501,1
77887,17,031,820501,2
49769,17,031,820501,3
42904,17,031,820501,4
79575,17,031,820501,5
65986,17,031,820502,1
31928,17,031,820502,2
57679,17,031,820502,3
58257,17,031,820502,4
43704,17,031,820603,1
65272,17,031,820603,2
101200,17,031,820603,3
45488,17,031,820604,1
42963,17,031,820604,2
48831,17,031,820605,1
58273,17,031,820605,2
41250,17,031,820605,3
100917,17,031,820606,1
62260,17,031,820606,2
78381,17,031,820700,1
73059,17,031,820700,2
60115,17,031,820700,3
43688,17,031,820700,4
61667,17,031,820800,1
69583,17,031,820800,2
99000,17,031,820800,3
46964,17,031,820901,1
73047,17,031,820901,2
83148,17,031,820901,3
107115,17,031,820901,4
83571,17,031,820902,1
125491,17,031,820902,2
119412,17,031,820902,3
86089,17,031,820902,4
36477,17,031,821001,1
76726,17,031,821001,2
54451,17,031,821001,3
54464,17,031,821001,4
42238,17,031,821002,1
57083,17,031,821002,2
79457,17,031,821002,3
88750,17,031,821002,4
63068,17,031,821002,5
108098,17,031,821101,1
78780,17,031,821101,2
75625,17,031,821101,3
69474,17,031,821101,4
76012,17,031,821102,1
70893,17,031,821102,2
64929,17,031,821102,3
73966,17,031,821102,4
45500,17,031,821200,1
33236,17,031,821200,2
-666666666,17,031,821200,3
50625,17,031,821200,4
44722,17,031,821300,1
37459,17,031,821300,2
85227,17,031,821300,3
-666666666,17,031,821300,4
73846,17,031,821401,1
91932,17,031,821401,2
32308,17,031,821401,3
47396,17,031,821401,4
64348,17,031,821402,1
61315,17,031,821402,2
59083,17,031,821402,3
23000,17,031,821500,1
79583,17,031,821600,1
75042,17,031,821600,2
74455,17,031,821600,3
86786,17,031,821700,1
97500,17,031,821700,2
113182,17,031,821700,3
111875,17,031,821700,4
-666666666,17,031,821700,5
63177,17,031,821800,1
110625,17,031,821800,2
56348,17,031,821800,3
-666666666,17,031,821800,4
109375,17,031,821800,5
133346,17,031,821800,6
68846,17,031,821900,1
120556,17,031,821900,2
91202,17,031,821900,3
94355,17,031,821900,4
105438,17,031,821900,5
62589,17,031,822000,1
45156,17,031,822000,2
47115,17,031,822000,3
70357,17,031,822000,4
57537,17,031,822000,5
67727,17,031,822101,1
61806,17,031,822101,2
62727,17,031,822101,3
180435,17,031,822101,4
63221,17,031,822102,1
42583,17,031,822102,2
98373,17,031,822102,3
78665,17,031,822102,4
65486,17,031,822200,1
96190,17,031,822200,2
94808,17,031,822200,3
59016,17,031,822301,1
76477,17,031,822301,2
109375,17,031,822301,3
86625,17,031,822301,4
96058,17,031,822302,1
43229,17,031,822302,2
68313,17,031,822302,3
43426,17,031,822302,4
57113,17,031,822400,1
70078,17,031,822400,2
42199,17,031,822400,3
85625,17,031,822400,4
127596,17,031,822500,1
95169,17,031,822500,2
107685,17,031,822500,3
49583,17,031,822500,4
70042,17,031,822601,1
121384,17,031,822601,2
67893,17,031,822601,3
150500,17,031,822602,1
84836,17,031,822602,2
-666666666,17,031,822602,3
49924,17,031,822602,4
37225,17,031,822701,1
104327,17,031,822701,2
215362,17,031,822701,3
57607,17,031,822701,4
64464,17,031,822702,1
118889,17,031,822702,2
63151,17,031,822702,3
72941,17,031,822801,1
120192,17,031,822801,2
115083,17,031,822802,1
60920,17,031,822802,2
113068,17,031,822802,3
53750,17,031,822900,1
40478,17,031,823001,1
44007,17,031,823001,2
-666666666,17,031,823001,3
105739,17,031,823001,4
64458,17,031,823001,5
105764,17,031,823002,1
-666666666,17,031,823002,2
53068,17,031,823002,3
58125,17,031,823002,4
22011,17,031,823101,1
66667,17,031,823101,2
50580,17,031,823101,3
48432,17,031,823101,4
74688,17,031,823101,5
69559,17,031,823102,1
78993,17,031,823102,2
58333,17,031,823200,1
63646,17,031,823200,2
46671,17,031,823302,1
65288,17,031,823302,2
48889,17,031,823302,3
106971,17,031,823303,1
26786,17,031,823303,2
76250,17,031,823303,3
121336,17,031,823303,4
71413,17,031,823303,5
43125,17,031,823304,1
58750,17,031,823304,2
31896,17,031,823304,3
51631,17,031,823304,4
-666666666,17,031,823304,5
57701,17,031,823304,6
80435,17,031,823400,1
39522,17,031,823400,2
-666666666,17,031,823400,3
65134,17,031,823400,4
54271,17,031,823500,1
53056,17,031,823500,2
93690,17,031,823500,3
59052,17,031,823500,4
71328,17,031,823602,1
67949,17,031,823602,2
76583,17,031,823602,3
-666666666,17,031,823602,4
63365,17,031,823603,1
73092,17,031,823603,2
157545,17,031,823604,1
89091,17,031,823604,2
107917,17,031,823604,3
95694,17,031,823605,1
121307,17,031,823605,2
57917,17,031,823605,3
56050,17,031,823702,1
103824,17,031,823702,2
93214,17,031,823702,3
116573,17,031,823702,4
44709,17,031,823703,1
87975,17,031,823703,2
42305,17,031,823703,3
63889,17,031,823703,4
85458,17,031,823704,1
98854,17,031,823704,2
105326,17,031,823704,3
68974,17,031,823705,1
-666666666,17,031,823705,2
38516,17,031,823705,3
67167,17,031,823705,4
132593,17,031,823801,1
66020,17,031,823801,2
134063,17,031,823801,3
-666666666,17,031,823803,1
122656,17,031,823803,2
82953,17,031,823803,3
60592,17,031,823803,4
48984,17,031,823805,1
43167,17,031,823805,2
87670,17,031,823805,3
60125,17,031,823806,1
52394,17,031,823806,2
46250,17,031,823806,3
40085,17,031,823806,4
133147,17,031,823901,1
93466,17,031,823901,2
78000,17,031,823903,1
153676,17,031,823903,2
130789,17,031,823903,3
85478,17,031,823903,4
-666666666,17,031,823904,1
93056,17,031,823904,2
170204,17,031,823904,3
85500,17,031,823904,4
68750,17,031,824003,1
133467,17,031,824003,2
125192,17,031,824003,3
91821,17,031,824004,1
99637,17,031,824004,2
95221,17,031,824004,3
106065,17,031,824005,1
135664,17,031,824005,2
162798,17,031,824005,3
166314,17,031,824006,1
120417,17,031,824006,2
95096,17,031,824105,1
123447,17,031,824105,2
113986,17,031,824105,3
120324,17,031,824105,4
141923,17,031,824106,1
77885,17,031,824106,2
79750,17,031,824106,3
103382,17,031,824107,1
97070,17,031,824107,2
65089,17,031,824107,3
73684,17,031,824107,4
96716,17,031,824113,1
117446,17,031,824113,2
97143,17,031,824113,3
97656,17,031,824113,4
142059,17,031,824114,1
102167,17,031,824114,2
117250,17,031,824115,1
56981,17,031,824115,2
85671,17,031,824116,1
53311,17,031,824116,2
67549,17,031,824116,3
73508,17,031,824116,4
84625,17,031,824119,1
115781,17,031,824119,2
119018,17,031,824119,3
94205,17,031,824121,1
75521,17,031,824121,2
77969,17,031,824122,1
74058,17,031,824122,2
155268,17,031,824122,3
74750,17,031,824123,1
90611,17,031,824123,2
140625,17,031,824123,3
68203,17,031,824123,4
96875,17,031,824123,5
83375,17,031,824124,1
79803,17,031,824124,2
126364,17,031,824125,1
101176,17,031,824125,2
129435,17,031,824126,1
161368,17,031,824126,2
126250,17,031,824127,1
77727,17,031,824127,2
83309,17,031,824128,1
95580,17,031,824128,2
87368,17,031,824129,1
91938,17,031,824129,2
39135,17,031,824300,1
32344,17,031,824300,2
-666666666,17,031,824300,3
42891,17,031,824400,1
56932,17,031,824503,1
44375,17,031,824503,2
81458,17,031,824503,3
140694,17,031,824503,4
71190,17,031,824503,5
93917,17,031,824505,1
84922,17,031,824505,2
66146,17,031,824505,3
60554,17,031,824505,4
48750,17,031,824507,1
113194,17,031,824507,2
61397,17,031,824508,1
63512,17,031,824508,2
86000,17,031,824509,1
145053,17,031,824509,2
109681,17,031,824509,3
90735,17,031,824601,1
88657,17,031,824601,2
71154,17,031,824601,3
88125,17,031,824601,4
106300,17,031,824602,1
79852,17,031,824602,2
65938,17,031,824602,3
49980,17,031,824602,4
-666666666,17,031,824602,5
39950,17,031,824701,1
70469,17,031,824701,2
49672,17,031,824701,3
82738,17,031,824702,1
48983,17,031,824702,2
53571,17,031,824702,3
42700,17,031,824800,1
68750,17,031,824800,2
-666666666,17,031,824800,3
68750,17,031,824800,4
36779,17,031,824900,1
42468,17,031,824900,2
80956,17,031,825000,1
56429,17,031,825000,2
93000,17,031,825000,3
58214,17,031,825200,1
83830,17,031,825200,2
81087,17,031,825302,1
70444,17,031,825302,2
113083,17,031,825302,3
52935,17,031,825303,1
87316,17,031,825303,2
108021,17,031,825303,3
64487,17,031,825303,4
70774,17,031,825304,1
116786,17,031,825304,2
76635,17,031,825400,1
95078,17,031,825400,2
57535,17,031,825400,3
26548,17,031,825501,1
59464,17,031,825501,2
58233,17,031,825501,3
44188,17,031,825503,1
43607,17,031,825503,2
2499,17,031,825503,3
92310,17,031,825503,4
89363,17,031,825503,5
59815,17,031,825504,1
68024,17,031,825504,2
62240,17,031,825505,1
121563,17,031,825505,2
61283,17,031,825505,3
56773,17,031,825505,4
45395,17,031,825600,1
46925,17,031,825600,2
67105,17,031,825600,3
65388,17,031,825600,4
48750,17,031,825700,1
42423,17,031,825700,2
88807,17,031,825700,3
23333,17,031,825801,1
81591,17,031,825801,2
45529,17,031,825801,3
61242,17,031,825802,1
91484,17,031,825802,2
51050,17,031,825802,3
-666666666,17,031,825803,1
96186,17,031,825803,2
65556,17,031,825803,3
58571,17,031,825803,4
-666666666,17,031,825803,5
-666666666,17,031,825900,1
77784,17,031,825900,2
46715,17,031,825900,3
-666666666,17,031,826000,1
54750,17,031,826000,2
56996,17,031,826000,3
53453,17,031,826100,1
73179,17,031,826100,2
-666666666,17,031,826100,3
-666666666,17,031,826100,4
-666666666,17,031,826100,5
46490,17,031,826100,6
71607,17,031,826201,1
82813,17,031,826201,2
41364,17,031,826201,3
38013,17,031,826201,4
-666666666,17,031,826202,1
70313,17,031,826202,2
70192,17,031,826202,3
30045,17,031,826202,4
44063,17,031,826202,5
100279,17,031,826301,1
57238,17,031,826301,2
61694,17,031,826301,3
54028,17,031,826303,1
55536,17,031,826303,2
69850,17,031,826303,3
90750,17,031,826303,4
58750,17,031,826304,1
61563,17,031,826304,2
26811,17,031,826304,3
53750,17,031,826401,1
49300,17,031,826401,2
72538,17,031,826402,1
58977,17,031,826402,2
33631,17,031,826402,3
59229,17,031,826402,4
42431,17,031,826402,5
29583,17,031,826500,1
46282,17,031,826500,2
75227,17,031,826500,3
54886,17,031,826500,4
47904,17,031,826600,1
50313,17,031,826600,2
40370,17,031,826600,3
34375,17,031,826600,4
14770,17,031,826600,5
20813,17,031,826700,1
32195,17,031,826700,2
71458,17,031,826700,3
46103,17,031,826700,4
65300,17,031,826800,1
35556,17,031,826800,2
61394,17,031,826800,3
46477,17,031,826800,4
27845,17,031,826901,1
30809,17,031,826902,1
32279,17,031,826902,2
28588,17,031,827000,1
-666666666,17,031,827000,2
40960,17,031,827000,3
17963,17,031,827100,1
60804,17,031,827100,2
31750,17,031,827100,3
86875,17,031,827200,1
23846,17,031,827200,2
45345,17,031,827200,3
75667,17,031,827200,4
11061,17,031,827300,1
31250,17,031,827300,2
-666666666,17,031,827300,3
29375,17,031,827400,1
53372,17,031,827400,2
31123,17,031,827400,3
24330,17,031,827400,4
50972,17,031,827500,1
64583,17,031,827500,2
41563,17,031,827500,3
41890,17,031,827600,1
42632,17,031,827600,2
38403,17,031,827600,3
48222,17,031,827700,1
37232,17,031,827700,2
69714,17,031,827801,1
69583,17,031,827801,2
75982,17,031,827801,3
83750,17,031,827802,1
109837,17,031,827802,2
72644,17,031,827804,1
113682,17,031,827804,2
31512,17,031,827804,3
32375,17,031,827805,1
105179,17,031,827805,2
109922,17,031,827805,3
109338,17,031,827901,1
89455,17,031,827901,2
40769,17,031,827902,1
-666666666,17,031,827902,2
55904,17,031,827902,3
54063,17,031,827902,4
72721,17,031,828000,1
108506,17,031,828000,2
39929,17,031,828000,3
53594,17,031,828000,4
107250,17,031,828100,1
69063,17,031,828100,2
53803,17,031,828100,3
56105,17,031,828100,4
60772,17,031,828100,5
67990,17,031,828201,1
-666666666,17,031,828201,2
83393,17,031,828201,3
97583,17,031,828202,1
72500,17,031,828202,2
39987,17,031,828202,3
53365,17,031,828202,4
59902,17,031,828300,1
41989,17,031,828300,2
70096,17,031,828401,1
63796,17,031,828401,2
58750,17,031,828401,3
93636,17,031,828401,4
51950,17,031,828402,1
68125,17,031,828402,2
32353,17,031,828402,3
55772,17,031,828503,1
41979,17,031,828503,2
62188,17,031,828503,3
39209,17,031,828503,4
35856,17,031,828504,1
59598,17,031,828504,2
68421,17,031,828504,3
30978,17,031,828504,4
38854,17,031,828505,1
90742,17,031,828505,2
82419,17,031,828505,3
90769,17,031,828505,4
135313,17,031,828505,5
78689,17,031,828507,1
97452,17,031,828507,2
43370,17,031,828508,1
50996,17,031,828508,2
30313,17,031,828508,3
112200,17,031,828508,4
98357,17,031,828601,1
92609,17,031,828601,2
87580,17,031,828601,3
75795,17,031,828601,4
107911,17,031,828602,1
96250,17,031,828602,2
120202,17,031,828701,1
91111,17,031,828701,2
73813,17,031,828701,3
-666666666,17,031,828701,4
45278,17,031,828702,1
82257,17,031,828702,2
48657,17,031,828702,3
125240,17,031,828801,1
250001,17,031,828801,2
103750,17,031,828801,3
70221,17,031,828801,4
66696,17,031,828801,5
108633,17,031,828802,1
77670,17,031,828802,2
64974,17,031,828802,3
67188,17,031,828900,1
48750,17,031,828900,2
40721,17,031,828900,3
29653,17,031,829000,1
-666666666,17,031,829000,2
31224,17,031,829100,1
33415,17,031,829100,2
64712,17,031,829200,1
-666666666,17,031,829200,2
52031,17,031,829200,3
26477,17,031,829200,4
83427,17,031,829301,1
78750,17,031,829301,2
17614,17,031,829302,1
70485,17,031,829302,2
44467,17,031,829302,3
33333,17,031,829401,1
60469,17,031,829402,1
38456,17,031,829402,2
42267,17,031,829402,3
50516,17,031,829500,1
35694,17,031,829500,2
-666666666,17,031,829500,3
50709,17,031,829600,1
43935,17,031,829600,2
64640,17,031,829600,3
-666666666,17,031,829700,1
39200,17,031,829700,2
71875,17,031,829700,3
82463,17,031,829800,1
145960,17,031,829800,2
154195,17,031,829800,3
142105,17,031,829800,4
-666666666,17,031,829800,5
48151,17,031,829902,1
114135,17,031,829902,2
92952,17,031,829902,3
47377,17,031,829902,4
69283,17,031,829903,1
-666666666,17,031,829903,2
59107,17,031,829903,3
72892,17,031,829904,1
75000,17,031,829904,2
110602,17,031,829904,3
-666666666,17,031,830001,1
39952,17,031,830001,2
132628,17,031,830003,1
133056,17,031,830003,2
97188,17,031,830003,3
95099,17,031,830003,4
97931,17,031,830004,1
94057,17,031,830004,2
99777,17,031,830004,3
140848,17,031,830004,4
95457,17,031,830005,1
90762,17,031,830005,2
24705,17,031,830006,1
58946,17,031,830006,2
64702,17,031,830007,1
73895,17,031,830007,2
37068,17,031,830007,3
88750,17,031,830008,1
106450,17,031,830008,2
97143,17,031,830008,3
81354,17,031,830100,1
94167,17,031,830100,2
17622,17,031,830201,1
39630,17,031,830201,2
127702,17,031,830201,3
79492,17,031,830202,1
60357,17,031,830202,2
43750,17,031,830300,1
15956,17,031,830300,2
60388,17,031,830300,3
68173,17,031,830300,4
58505,17,031,830400,1
56321,17,031,830400,2
53333,17,031,830400,3
38393,17,031,830400,4
-666666666,17,031,830500,1
36354,17,031,830500,2
45938,17,031,830500,3
86122,17,031,830600,1
46176,17,031,830600,2
48977,17,031,830600,3
80697,17,031,830600,4
73173,17,031,830700,1
98977,17,031,830700,2
-666666666,17,031,830700,3
57949,17,031,830700,4
100362,17,031,830800,1
110104,17,031,830800,2
65547,17,031,830800,3
131779,17,031,830900,1
122426,17,031,830900,2
82443,17,031,830900,3
173272,17,031,831000,1
155375,17,031,831000,2
-666666666,17,031,831100,1
158327,17,031,831100,2
82763,17,031,831100,3
92639,17,031,831100,4
51488,17,031,831200,1
42946,17,031,831200,2
57548,17,031,831200,3
46208,17,031,831300,1
65391,17,031,831400,1
29375,17,031,831400,2
65789,17,031,831500,1
68750,17,031,831500,2
81667,17,031,831600,1
-666666666,17,031,831600,2
30135,17,031,831600,3
28956,17,031,831600,4
79519,17,031,831600,5
-666666666,17,031,831600,6
40353,17,031,831700,1
97381,17,031,831800,1
71176,17,031,831800,2
53819,17,031,831800,3
59875,17,031,831800,4
64000,17,031,831800,5
134833,17,031,831900,1
135438,17,031,831900,2
126875,17,031,832000,1
69375,17,031,832100,1
127083,17,031,832100,2
88750,17,031,832100,3
89722,17,031,832200,1
137342,17,031,832200,2
141429,17,031,832200,3
117015,17,031,832300,1
118235,17,031,832400,1
123974,17,031,832400,2
110341,17,031,832500,1
178906,17,031,832500,2
159583,17,031,832600,1
149500,17,031,832600,2
202375,17,031,832600,3
61071,17,031,832900,1
-666666666,17,031,832900,2
177990,17,031,833000,1
155179,17,031,833000,2
126362,17,031,833100,1
160417,17,031,833100,2
158630,17,031,833100,3
105619,17,031,833100,4
69659,17,031,833300,1
39531,17,031,833900,1
28750,17,031,833900,2
34223,17,031,834000,1
57674,17,031,834000,2
-666666666,17,031,834200,1
-666666666,17,031,834200,2
59136,17,031,834200,3
95893,17,031,834200,4
-666666666,17,031,834300,1
18561,17,031,834300,2
77577,17,031,834300,3
-666666666,17,031,834300,4
99386,17,031,834300,5
61217,17,031,834300,6
60568,17,031,834400,1
69120,17,031,834400,2
21148,17,031,834400,3
34261,17,031,834500,1
22232,17,031,834600,1
25357,17,031,834600,2
20735,17,031,834700,1
-666666666,17,031,834700,2
35272,17,031,834700,3
19621,17,031,834800,1
11364,17,031,834800,2
29821,17,031,834800,3
38261,17,031,834900,1
12204,17,031,834900,2
21268,17,031,835000,1
29732,17,031,835000,2
52125,17,031,835000,3
-666666666,17,031,835000,4
58405,17,031,835000,5
41500,17,031,835100,1
38314,17,031,835100,2
-666666666,17,031,835100,3
-666666666,17,031,835100,4
75750,17,031,835200,1
12054,17,031,835500,1
22000,17,031,835500,2
11813,17,031,835600,1
20417,17,031,835600,2
84904,17,031,835800,1
-666666666,17,031,836000,1
159609,17,031,836000,2
43047,17,031,836000,3
15652,17,031,836100,1
-666666666,17,031,836100,2
137083,17,031,836200,1
58319,17,031,836300,1
54583,17,031,836300,2
17008,17,031,836400,1
19231,17,031,836400,2
81184,17,031,836400,3
49188,17,031,836500,1
85147,17,031,836500,2
-666666666,17,031,836600,1
54397,17,031,836600,2
-666666666,17,031,836700,1
47067,17,031,836700,2
25958,17,031,836800,1
11029,17,031,836800,2
-666666666,17,031,836900,1
21585,17,031,836900,2
11206,17,031,837000,1
55112,17,031,837000,2
18906,17,031,837100,1
50536,17,031,837100,2
11552,17,031,837300,1
30000,17,031,837300,2
-666666666,17,031,837400,1
34464,17,031,837400,2
70057,17,031,837800,1
33491,17,031,837800,2
100833,17,031,838000,1
14069,17,031,838000,2
54118,17,031,838100,1
14621,17,031,838100,2
95263,17,031,838200,1
-666666666,17,031,838200,2
90184,17,031,838300,1
129792,17,031,838300,2
20097,17,031,838600,1
16719,17,031,838600,2
18990,17,031,838700,1
33942,17,031,838700,2
36923,17,031,838700,3
-666666666,17,031,838700,4
40938,17,031,838800,1
24708,17,031,838800,2
121367,17,031,839000,1
74827,17,031,839000,2
87579,17,031,839000,3
129155,17,031,839000,4
112404,17,031,839100,1
112068,17,031,839100,2
48712,17,031,839200,1
33608,17,031,839200,2
-666666666,17,031,839500,1
34740,17,031,839600,1
88409,17,031,839600,2
100625,17,031,839700,1
88359,17,031,839700,2
73365,17,031,839700,3
42407,17,031,839800,1
80089,17,031,839800,2
69219,17,031,839800,3
61576,17,031,839900,1
95564,17,031,839900,2
79335,17,031,839900,3
-666666666,17,031,839900,4
54740,17,031,839900,5
119313,17,031,840000,1
70446,17,031,840000,2
57386,17,031,840100,1
62051,17,031,840100,2
42188,17,031,840200,1
-666666666,17,031,840300,1
65050,17,031,840300,2
67727,17,031,840300,3
75243,17,031,840400,1
59886,17,031,840400,2
47587,17,031,840700,1
81414,17,031,840700,2
96917,17,031,840700,3
33783,17,031,840800,1
52024,17,031,840800,2
96000,17,031,841000,1
-666666666,17,031,841100,1
72554,17,031,841100,2
65134,17,031,841100,3
14904,17,031,841100,4
56528,17,031,841200,1
63210,17,031,841200,2
52995,17,031,841200,3
75202,17,031,841300,1
45640,17,031,841300,2
101827,17,031,841300,3
-666666666,17,031,841300,4
28393,17,031,841500,1
31071,17,031,841500,2
17266,17,031,841700,1
53854,17,031,841800,1
31875,17,031,841800,2
114811,17,031,841900,1
121213,17,031,841900,2
97109,17,031,842000,1
116161,17,031,842000,2
42449,17,031,842100,1
67019,17,031,842100,2
77809,17,031,842100,3
45294,17,031,842100,4
65789,17,031,842100,5
38442,17,031,842100,6
90078,17,031,842200,1
106250,17,031,842300,1
158988,17,031,842300,2
29412,17,031,842400,1
62153,17,031,842400,2
23884,17,031,842500,1
74167,17,031,842600,1
66063,17,031,842600,2
82244,17,031,842600,3
99881,17,031,842600,4
46111,17,031,842800,1
73858,17,031,842800,2
43000,17,031,842800,3
-666666666,17,031,842800,4
32380,17,031,842800,5
28997,17,031,842800,6
28125,17,031,842900,1
17250,17,031,843000,1
28913,17,031,843000,2
23382,17,031,843100,1
77308,17,031,843100,2
57721,17,031,843200,1
65577,17,031,843200,2
21583,17,031,843300,1
34212,17,031,843400,1
33906,17,031,843500,1
52050,17,031,843600,1
36953,17,031,843600,2
161522,17,031,843700,1
173000,17,031,843700,2
-666666666,17,031,843800,1
29243,17,031,843800,2
-666666666,17,031,843900,1
12852,17,031,843900,2
48750,17,031,843900,3
72313,17,031,843900,4
54042,17,031,843900,5
67634,17,031,844600,1
37955,17,031,844700,1
-666666666,17,031,844700,2
31481,17,031,844700,3
-666666666,17,031,980000,1
-666666666,17,031,980100,1
-666666666,17,031,990000,0
